﻿<?xml version="1.0" encoding="UTF-8"?>
<manifest identifier="D2L_55363" xmlns:d2l_2p0="http://desire2learn.com/xsd/d2lcp_v2p0" xmlns:scorm_1p2="http://www.adlnet.org/xsd/adlcp_rootv1p2" xmlns="http://www.imsglobal.org/xsd/imscp_v1p1">
    <organizations default="d2l_orgs">
        <organization identifier="d2l_org">
            <item identifier="675257" identifierref="RES_CONTENT_675257" d2l_2p0:id="1" d2l_2p0:resource_code="byui_produ-156133" description="" completion_type="2">
                <title>Welcome</title>
                <item identifier="675275" identifierref="RES_CONTENT_675275" d2l_2p0:id="2" d2l_2p0:resource_code="byui_produ-156477" description="" completion_type="1" resource_type_key="">
                    <title>Welcome to Course 101</title>
                </item>
                <item identifier="675276" identifierref="RES_CONTENT_675276" d2l_2p0:id="3" d2l_2p0:resource_code="byui_produ-156134" description="" completion_type="3" resource_type_key="">
                    <title>Syllabus</title>
                </item>
                <item identifier="675308" identifierref="RES_CONTENT_675308" d2l_2p0:id="4" d2l_2p0:resource_code="byui_produ-156479" description="" completion_type="2" resource_type_key="">
                    <title>Orientation to Online Learning</title>
                </item>
                <item identifier="675309" identifierref="RES_CONTENT_675309" d2l_2p0:id="5" d2l_2p0:resource_code="byui_produ-156480" description="" completion_type="2" resource_type_key="">
                    <title>University Policies</title>
                </item>
                <item identifier="675310" identifierref="RES_CONTENT_675310" d2l_2p0:id="6" d2l_2p0:resource_code="byui_produ-156481" description="" completion_type="2" resource_type_key="">
                    <title>Online Support Center</title>
                </item>
                <item identifier="675312" identifierref="RES_CONTENT_675312" d2l_2p0:id="7" d2l_2p0:resource_code="byui_produ-156482" description="" completion_type="2" resource_type_key="">
                    <title>Library Research Guides</title>
                </item>
                <item identifier="675323" identifierref="RES_CONTENT_675323" d2l_2p0:id="8" isvisible="False" d2l_2p0:resource_code="byui_produ-156483" description="" completion_type="2" resource_type_key="">
                    <title>Groups</title>
                </item>
                <item identifier="675311" identifierref="RES_CONTENT_675311" d2l_2p0:id="9" d2l_2p0:resource_code="byui_produ-156484" description="" completion_type="2" resource_type_key="">
                    <title>Academic Support Center</title>
                </item>
                <item identifier="1829401" identifierref="RES_CONTENT_1829401" d2l_2p0:id="10" description="" completion_type="2">
                    <title>The Place of Coolness</title>
                    <item identifier="1829390" identifierref="RES_CONTENT_1829390" d2l_2p0:id="11" description="" completion_type="2" resource_type_key="">
                        <title>The Super Awesome Test File of Awesomeness</title>
                    </item>
                </item>
            </item>
            <item identifier="675258" identifierref="RES_CONTENT_675258" d2l_2p0:id="12" d2l_2p0:resource_code="byui_produ-156485" description="" completion_type="2">
                <title>Instructor Resources</title>
                <item identifier="675277" identifierref="RES_CONTENT_675277" d2l_2p0:id="13" d2l_2p0:resource_code="byui_produ-156136" description="" completion_type="3" resource_type_key="">
                    <title>Lesson Notes</title>
                </item>
                <item identifier="675278" identifierref="RES_CONTENT_675278" d2l_2p0:id="14" d2l_2p0:resource_code="byui_produ-156137" description="" completion_type="3" resource_type_key="">
                    <title>Course Map</title>
                </item>
                <item identifier="675279" identifierref="RES_CONTENT_675279" d2l_2p0:id="15" d2l_2p0:resource_code="byui_produ-156488" description="" completion_type="3" resource_type_key="">
                    <title>Course Fixes and Improvements</title>
                </item>
                <item identifier="675280" identifierref="RES_CONTENT_675280" d2l_2p0:id="16" d2l_2p0:resource_code="byui_produ-156489" description="" completion_type="3" resource_type_key="">
                    <title>Teaching Group Directory</title>
                </item>
                <item identifier="675281" identifierref="RES_CONTENT_675281" d2l_2p0:id="17" d2l_2p0:resource_code="byui_produ-156490" description="" completion_type="3" resource_type_key="">
                    <title>Online Instructor Community</title>
                </item>
                <item identifier="675282" identifierref="RES_CONTENT_675282" d2l_2p0:id="18" d2l_2p0:resource_code="byui_produ-156491" description="" completion_type="3" resource_type_key="">
                    <title>Weekly Reflection</title>
                </item>
                <item identifier="675283" identifierref="RES_CONTENT_675283" d2l_2p0:id="19" d2l_2p0:resource_code="byui_produ-156142" description="" completion_type="3" resource_type_key="">
                    <title>Setup For Course Instructor</title>
                </item>
                <item identifier="675284" identifierref="RES_CONTENT_675284" d2l_2p0:id="20" d2l_2p0:resource_code="byui_produ-156143" description="" completion_type="3" resource_type_key="">
                    <title>Setup Notes for Development Team</title>
                </item>
                <item identifier="675285" identifierref="RES_CONTENT_675285" d2l_2p0:id="21" d2l_2p0:resource_code="byui_produ-156144" description="" completion_type="3" resource_type_key="">
                    <title>Release Notes</title>
                </item>
                <item identifier="675322" identifierref="RES_CONTENT_675322" d2l_2p0:id="22" d2l_2p0:resource_code="byui_produ-156495" description="" completion_type="2">
                    <title>Example Templates</title>
                    <item identifier="675339" identifierref="RES_CONTENT_675339" d2l_2p0:id="23" d2l_2p0:resource_code="byui_produ-156497" description="" completion_type="2" resource_type_key="">
                        <title>Large Template</title>
                    </item>
                    <item identifier="675340" identifierref="RES_CONTENT_675340" d2l_2p0:id="24" d2l_2p0:resource_code="byui_produ-156498" description="" completion_type="2" resource_type_key="">
                        <title>Small Template</title>
                    </item>
                    <item identifier="675341" identifierref="RES_CONTENT_675341" d2l_2p0:id="25" d2l_2p0:resource_code="byui_produ-241118" description="" completion_type="2" resource_type_key="">
                        <title>Features Template</title>
                    </item>
                </item>
            </item>
            <item identifier="675274" identifierref="RES_CONTENT_675274" d2l_2p0:id="26" d2l_2p0:resource_code="byui_produ-156499" description="" completion_type="2">
                <title>I-Learn 3.0 Tour</title>
                <item identifier="675313" identifierref="RES_CONTENT_675313" d2l_2p0:id="27" d2l_2p0:resource_code="byui_produ-156500" description="" completion_type="2" resource_type_key="">
                    <title>Introduction</title>
                </item>
                <item identifier="675314" identifierref="RES_CONTENT_675314" d2l_2p0:id="28" d2l_2p0:resource_code="byui_produ-156501" description="" completion_type="2" resource_type_key="">
                    <title>About Content</title>
                </item>
                <item identifier="675315" identifierref="RES_CONTENT_675315" d2l_2p0:id="29" d2l_2p0:resource_code="byui_produ-156502" description="" completion_type="2" resource_type_key="">
                    <title>About Discussions</title>
                </item>
                <item identifier="675286" identifierref="RES_CONTENT_675286" d2l_2p0:id="30" d2l_2p0:resource_code="byui_produ-156503" description="" completion_type="2" resource_type_key="">
                    <title>Simulation Discussion Topic</title>
                </item>
                <item identifier="675316" identifierref="RES_CONTENT_675316" d2l_2p0:id="31" d2l_2p0:resource_code="byui_produ-156504" description="" completion_type="2" resource_type_key="">
                    <title>About Assignments</title>
                </item>
                <item identifier="675287" identifierref="RES_CONTENT_675287" d2l_2p0:id="32" d2l_2p0:resource_code="byui_produ-156505" description="" completion_type="2" resource_type_key="">
                    <title>Dropbox Simulation</title>
                </item>
                <item identifier="675317" identifierref="RES_CONTENT_675317" d2l_2p0:id="33" d2l_2p0:resource_code="byui_produ-156506" description="" completion_type="2" resource_type_key="">
                    <title>About Quizzes</title>
                </item>
                <item identifier="675288" identifierref="RES_CONTENT_675288" d2l_2p0:id="34" d2l_2p0:resource_code="byui_produ-156507" description="" completion_type="2" resource_type_key="">
                    <title>Simulation Quiz</title>
                </item>
                <item identifier="675318" identifierref="RES_CONTENT_675318" d2l_2p0:id="35" d2l_2p0:resource_code="byui_produ-156508" description="" completion_type="2" resource_type_key="">
                    <title>About Grades</title>
                </item>
                <item identifier="675319" identifierref="RES_CONTENT_675319" d2l_2p0:id="36" d2l_2p0:resource_code="byui_produ-156509" description="" completion_type="2" resource_type_key="">
                    <title>About User Progress</title>
                </item>
                <item identifier="675320" identifierref="RES_CONTENT_675320" d2l_2p0:id="37" d2l_2p0:resource_code="byui_produ-156510" description="" completion_type="2" resource_type_key="">
                    <title>Conclusion</title>
                </item>
                <item identifier="675321" identifierref="RES_CONTENT_675321" d2l_2p0:id="38" d2l_2p0:resource_code="byui_produ-156511" description="" completion_type="2" resource_type_key="">
                    <title>I-Learn 3 Tutorials</title>
                </item>
            </item>
            <item identifier="675259" identifierref="RES_CONTENT_675259" d2l_2p0:id="39" d2l_2p0:resource_code="byui_produ-156512" description="&lt;h2&gt;Lesson&amp;nbsp;Sub-title&lt;/h2&gt;" completion_type="2">
                <title>Lesson 01</title>
                <item identifier="675289" identifierref="RES_CONTENT_675289" d2l_2p0:id="40" d2l_2p0:resource_code="byui_produ-21463" description="" completion_type="3" resource_type_key="">
                    <title>Lesson Notes</title>
                </item>
                <item identifier="675290" identifierref="RES_CONTENT_675290" d2l_2p0:id="41" d2l_2p0:resource_code="byui_produ-21465" description="" completion_type="2" resource_type_key="">
                    <title>Syllabus</title>
                </item>
                <item identifier="675324" identifierref="RES_CONTENT_675324" d2l_2p0:id="42" d2l_2p0:resource_code="byui_produ-179083" description="" completion_type="2" resource_type_key="">
                    <title>/d2l/common/dialogs/quickLink/quickLink.d2l?ou={orgUnitId}&amp;type=quiz&amp;rCode=byui_produ-162812</title>
                </item>
                <item identifier="675291" identifierref="RES_CONTENT_675291" d2l_2p0:id="43" d2l_2p0:resource_code="byui_produ-21467" description="" completion_type="1">
                    <title>Notes From Instructor Q&amp;A</title>
                </item>
                <item identifier="675444" identifierref="RES_CONTENT_675444" d2l_2p0:id="44" description="" completion_type="2" resource_type_key="">
                    <title>Welcome to Class</title>
                </item>
            </item>
            <item identifier="675260" identifierref="RES_CONTENT_675260" d2l_2p0:id="45" d2l_2p0:resource_code="byui_produ-156517" description="&lt;h2&gt;Lesson&amp;nbsp;Sub-title&lt;/h2&gt;" completion_type="2">
                <title>Lesson 02</title>
                <item identifier="675292" identifierref="RES_CONTENT_675292" d2l_2p0:id="46" d2l_2p0:resource_code="byui_produ-156518" description="" completion_type="3" resource_type_key="">
                    <title>Lesson Notes</title>
                </item>
                <item identifier="675293" identifierref="RES_CONTENT_675293" d2l_2p0:id="47" d2l_2p0:resource_code="byui_produ-21470" description="" completion_type="1" resource_type_key="">
                    <title>Notes from Instructor Q&amp;A</title>
                </item>
            </item>
            <item identifier="675261" identifierref="RES_CONTENT_675261" d2l_2p0:id="48" d2l_2p0:resource_code="byui_produ-156520" description="&lt;h2&gt;Lesson&amp;nbsp;Sub-title&lt;/h2&gt;" completion_type="2">
                <title>Lesson 03</title>
                <item identifier="675294" identifierref="RES_CONTENT_675294" d2l_2p0:id="49" d2l_2p0:resource_code="byui_produ-156521" description="" completion_type="3" resource_type_key="">
                    <title>Lesson Notes</title>
                </item>
                <item identifier="675295" identifierref="RES_CONTENT_675295" d2l_2p0:id="50" d2l_2p0:resource_code="byui_produ-21473" description="" completion_type="1" resource_type_key="">
                    <title>Notes from Instructor Q&amp;A</title>
                </item>
            </item>
            <item identifier="675262" identifierref="RES_CONTENT_675262" d2l_2p0:id="51" d2l_2p0:resource_code="byui_produ-156523" description="&lt;h2&gt;Lesson&amp;nbsp;Sub-title&lt;/h2&gt;" completion_type="2">
                <title>Lesson 04</title>
                <item identifier="675296" identifierref="RES_CONTENT_675296" d2l_2p0:id="52" d2l_2p0:resource_code="byui_produ-156524" description="" completion_type="3" resource_type_key="">
                    <title>Lesson Notes</title>
                </item>
                <item identifier="675297" identifierref="RES_CONTENT_675297" d2l_2p0:id="53" d2l_2p0:resource_code="byui_produ-21476" description="" completion_type="1" resource_type_key="">
                    <title>Notes from Instructor Q&amp;A</title>
                </item>
            </item>
            <item identifier="675263" identifierref="RES_CONTENT_675263" d2l_2p0:id="54" d2l_2p0:resource_code="byui_produ-156526" description="&lt;h2&gt;Lesson Sub-title&lt;/h2&gt;" completion_type="2">
                <title>Lesson 05</title>
                <item identifier="675298" identifierref="RES_CONTENT_675298" d2l_2p0:id="55" d2l_2p0:resource_code="byui_produ-156527" description="" completion_type="3" resource_type_key="">
                    <title>Lesson Notes</title>
                </item>
                <item identifier="675299" identifierref="RES_CONTENT_675299" d2l_2p0:id="56" d2l_2p0:resource_code="byui_produ-21479" description="" completion_type="1" resource_type_key="">
                    <title>Notes from Instructor Q&amp;A</title>
                </item>
            </item>
            <item identifier="675264" identifierref="RES_CONTENT_675264" d2l_2p0:id="57" d2l_2p0:resource_code="byui_produ-156529" description="&lt;h2&gt;Lesson Sub-title&lt;/h2&gt;" completion_type="2">
                <title>Lesson 06</title>
                <item identifier="675300" identifierref="RES_CONTENT_675300" d2l_2p0:id="58" d2l_2p0:resource_code="byui_produ-156530" description="" completion_type="3" resource_type_key="">
                    <title>Lesson Notes</title>
                </item>
                <item identifier="675301" identifierref="RES_CONTENT_675301" d2l_2p0:id="59" d2l_2p0:resource_code="byui_produ-21482" description="" completion_type="1" resource_type_key="">
                    <title>Notes from Instructor Q&amp;A</title>
                </item>
                <item identifier="675302" identifierref="RES_CONTENT_675302" d2l_2p0:id="60" d2l_2p0:resource_code="byui_produ-21483" description="" completion_type="2" resource_type_key="">
                    <title>/d2l/common/dialogs/quickLink/quickLink.d2l?ou={orgUnitId}&amp;type=quiz&amp;rCode=byui_produ-2945</title>
                </item>
            </item>
            <item identifier="675265" identifierref="RES_CONTENT_675265" d2l_2p0:id="61" d2l_2p0:resource_code="byui_produ-156533" description="&lt;h2&gt;Lesson Sub-title&lt;/h2&gt;" completion_type="2">
                <title>Lesson 07</title>
                <item identifier="675303" identifierref="RES_CONTENT_675303" d2l_2p0:id="62" d2l_2p0:resource_code="byui_produ-156534" description="" completion_type="3" resource_type_key="">
                    <title>Lesson Notes</title>
                </item>
                <item identifier="675304" identifierref="RES_CONTENT_675304" d2l_2p0:id="63" d2l_2p0:resource_code="byui_produ-21486" description="" completion_type="1" resource_type_key="">
                    <title>Notes from Instructor Q&amp;A</title>
                </item>
            </item>
            <item identifier="675266" identifierref="RES_CONTENT_675266" d2l_2p0:id="64" d2l_2p0:resource_code="byui_produ-156536" description="&lt;h2&gt;Lesson Sub-title&lt;/h2&gt;" completion_type="2">
                <title>Lesson 08</title>
                <item identifier="675305" identifierref="RES_CONTENT_675305" d2l_2p0:id="65" d2l_2p0:resource_code="byui_produ-156537" description="" completion_type="3" resource_type_key="">
                    <title>Lesson Notes</title>
                </item>
                <item identifier="675306" identifierref="RES_CONTENT_675306" d2l_2p0:id="66" d2l_2p0:resource_code="byui_produ-21489" description="" completion_type="1" resource_type_key="">
                    <title>Notes from Instructor Q&amp;A</title>
                </item>
            </item>
            <item identifier="675267" identifierref="RES_CONTENT_675267" d2l_2p0:id="67" d2l_2p0:resource_code="byui_produ-156539" description="&lt;h2&gt;Lesson Sub-title&lt;/h2&gt;" completion_type="2">
                <title>Lesson 09</title>
                <item identifier="675307" identifierref="RES_CONTENT_675307" d2l_2p0:id="68" d2l_2p0:resource_code="byui_produ-156540" description="" completion_type="3" resource_type_key="">
                    <title>Lesson Notes</title>
                </item>
                <item identifier="675326" identifierref="RES_CONTENT_675326" d2l_2p0:id="69" d2l_2p0:resource_code="byui_produ-21492" description="" completion_type="1" resource_type_key="">
                    <title>Notes from Instructor Q&amp;A</title>
                </item>
            </item>
            <item identifier="675268" identifierref="RES_CONTENT_675268" d2l_2p0:id="70" d2l_2p0:resource_code="byui_produ-156542" description="&lt;h2&gt;Lesson Sub-title&lt;/h2&gt;" completion_type="2">
                <title>Lesson 10</title>
                <item identifier="675327" identifierref="RES_CONTENT_675327" d2l_2p0:id="71" d2l_2p0:resource_code="byui_produ-156543" description="" completion_type="3" resource_type_key="">
                    <title>Lesson Notes</title>
                </item>
                <item identifier="675328" identifierref="RES_CONTENT_675328" d2l_2p0:id="72" d2l_2p0:resource_code="byui_produ-21495" description="" completion_type="1" resource_type_key="">
                    <title>Notes from Instructor Q&amp;A</title>
                </item>
            </item>
            <item identifier="675269" identifierref="RES_CONTENT_675269" d2l_2p0:id="73" d2l_2p0:resource_code="byui_produ-156545" description="&lt;h2&gt;Lesson Sub-title&lt;/h2&gt;" completion_type="2">
                <title>Lesson 11</title>
                <item identifier="675329" identifierref="RES_CONTENT_675329" d2l_2p0:id="74" d2l_2p0:resource_code="byui_produ-156546" description="" completion_type="3" resource_type_key="">
                    <title>Lesson Notes</title>
                </item>
                <item identifier="675330" identifierref="RES_CONTENT_675330" d2l_2p0:id="75" d2l_2p0:resource_code="byui_produ-21498" description="" completion_type="1" resource_type_key="">
                    <title>Notes from Instructor Q&amp;A</title>
                </item>
            </item>
            <item identifier="675270" identifierref="RES_CONTENT_675270" d2l_2p0:id="76" d2l_2p0:resource_code="byui_produ-156548" description="&lt;h2&gt;Lesson Sub-title&lt;/h2&gt;" completion_type="2">
                <title>Lesson 12</title>
                <item identifier="675331" identifierref="RES_CONTENT_675331" d2l_2p0:id="77" d2l_2p0:resource_code="byui_produ-156549" description="" completion_type="3" resource_type_key="">
                    <title>Lesson Notes</title>
                </item>
                <item identifier="675332" identifierref="RES_CONTENT_675332" d2l_2p0:id="78" d2l_2p0:resource_code="byui_produ-21501" description="" completion_type="1" resource_type_key="">
                    <title>Notes from Instructor Q&amp;A</title>
                </item>
            </item>
            <item identifier="675271" identifierref="RES_CONTENT_675271" d2l_2p0:id="79" d2l_2p0:resource_code="byui_produ-156551" description="&lt;h2&gt;Lesson Sub-title&lt;/h2&gt;" completion_type="2">
                <title>Lesson 13</title>
                <item identifier="675333" identifierref="RES_CONTENT_675333" d2l_2p0:id="80" d2l_2p0:resource_code="byui_produ-156552" description="" completion_type="3" resource_type_key="">
                    <title>Lesson Notes</title>
                </item>
                <item identifier="675334" identifierref="RES_CONTENT_675334" d2l_2p0:id="81" d2l_2p0:resource_code="byui_produ-21504" description="" completion_type="1" resource_type_key="">
                    <title>Notes from Instructor Q&amp;A</title>
                </item>
                <item identifier="675335" identifierref="RES_CONTENT_675335" d2l_2p0:id="82" d2l_2p0:resource_code="byui_produ-21505" description="" completion_type="1">
                    <title>End of Course Evaluation</title>
                </item>
            </item>
            <item identifier="675272" identifierref="RES_CONTENT_675272" d2l_2p0:id="83" d2l_2p0:resource_code="byui_produ-156555" description="&lt;h2&gt;Lesson Sub-title&lt;/h2&gt;" completion_type="2">
                <title>Lesson 14</title>
                <item identifier="675336" identifierref="RES_CONTENT_675336" d2l_2p0:id="84" d2l_2p0:resource_code="byui_produ-156556" description="" completion_type="3" resource_type_key="">
                    <title>Lesson Notes</title>
                </item>
                <item identifier="675337" identifierref="RES_CONTENT_675337" d2l_2p0:id="85" d2l_2p0:resource_code="byui_produ-21508" description="" completion_type="1" resource_type_key="">
                    <title>Notes from Instructor Q&amp;A</title>
                </item>
            </item>
            <item identifier="675273" identifierref="RES_CONTENT_675273" d2l_2p0:id="86" d2l_2p0:resource_code="byui_produ-156558" description="" completion_type="2">
                <title>Resources</title>
                <item identifier="675325" identifierref="RES_CONTENT_675325" d2l_2p0:id="87" d2l_2p0:resource_code="byui_produ-13905" description="" completion_type="3" resource_type_key="">
                    <title>Copyright and Source Info</title>
                </item>
                <item identifier="675338" identifierref="RES_CONTENT_675338" d2l_2p0:id="88" d2l_2p0:resource_code="byui_produ-156560" description="" completion_type="2" resource_type_key="">
                    <title>How to Set Up a Google Document to Replace Wiki</title>
                </item>
            </item>
        </organization>
    </organizations>
    <resources>
        <resource identifier="RES_CONTENT_675257" type="webcontent" d2l_2p0:material_type="contentmodule" d2l_2p0:link_target="" href="" title="" />
        <resource identifier="RES_CONTENT_675275" type="webcontent" d2l_2p0:material_type="content" d2l_2p0:link_target="" href="Course Files\Welcome to Course 101.html" title="" />
        <resource identifier="RES_CONTENT_675276" type="webcontent" d2l_2p0:material_type="content" d2l_2p0:link_target="" href="Course Files\Syllabus.html" title="" />
        <resource identifier="RES_CONTENT_675308" type="webcontent" d2l_2p0:material_type="contentlink" d2l_2p0:link_target="_self" href="https://content.byui.edu/integ/gen/d24f576f-d34b-47be-a466-d00bd4792fb6/0/orientation.html" title="" />
        <resource identifier="RES_CONTENT_675309" type="webcontent" d2l_2p0:material_type="contentlink" d2l_2p0:link_target="_self" href="https://content.byui.edu/integ/gen/d24f576f-d34b-47be-a466-d00bd4792fb6/0/universitypolicies.html" title="" />
        <resource identifier="RES_CONTENT_675310" type="webcontent" d2l_2p0:material_type="contentlink" d2l_2p0:link_target="_self" href="https://content.byui.edu/integ/gen/8872d2b2-91d5-4953-a357-3097ef2aa5d0/0/byuisupcenter.html" title="" />
        <resource identifier="RES_CONTENT_675312" type="webcontent" d2l_2p0:material_type="contentlink" d2l_2p0:link_target="_self" href="https://content.byui.edu/integ/gen/8872d2b2-91d5-4953-a357-3097ef2aa5d0/0/libraryresearchguide.html" title="" />
        <resource identifier="RES_CONTENT_675323" type="webcontent" d2l_2p0:material_type="contentlink" d2l_2p0:link_target="_self" href="https://content.byui.edu/file/f1ed13e7-4c8d-447c-85da-f62747a09ec4/$/adobe.zip/adobe/index.html?course={OrgUnitName}&amp;total_meetings=10" title="" />
        <resource identifier="RES_CONTENT_675311" type="webcontent" d2l_2p0:material_type="contentlink" d2l_2p0:link_target="_self" href="https://content.byui.edu/integ/gen/8872d2b2-91d5-4953-a357-3097ef2aa5d0/0/academicsupcenter.html" title="" />
        <resource identifier="RES_CONTENT_1829401" type="webcontent" d2l_2p0:material_type="contentmodule" d2l_2p0:link_target="" href="" title="" />
        <resource identifier="RES_CONTENT_1829390" type="webcontent" d2l_2p0:material_type="content" d2l_2p0:link_target="" href="Course Files\The Super Awesome Test File of Awesomeness.html" title="" />
        <resource identifier="RES_CONTENT_675258" type="webcontent" d2l_2p0:material_type="contentmodule" d2l_2p0:link_target="" href="" title="" />
        <resource identifier="RES_CONTENT_675277" type="webcontent" d2l_2p0:material_type="content" d2l_2p0:link_target="" href="Course Files\Lesson Notes.html" title="" />
        <resource identifier="RES_CONTENT_675278" type="webcontent" d2l_2p0:material_type="contentlink" d2l_2p0:link_target="_blank" href="https://docs.google.com/spreadsheets/d/1fzox7nzuChbGoCKPuE9CNPwuizWI99wvMSvK6AKwnLI/edit#gid=1" title="" />
        <resource identifier="RES_CONTENT_675279" type="webcontent" d2l_2p0:material_type="contentlink" d2l_2p0:link_target="_blank" href="https://web.byui.edu/Portfolio/OnlineCourses/improvement" title="" />
        <resource identifier="RES_CONTENT_675280" type="webcontent" d2l_2p0:material_type="contentlink" d2l_2p0:link_target="_blank" href="https://onlineadmin.byui.edu/content/app/app.html#/group-directory/oim-directory" title="" />
        <resource identifier="RES_CONTENT_675281" type="webcontent" d2l_2p0:material_type="contentlink" d2l_2p0:link_target="_self" href="http://onlineinstruction.ning.com/" title="" />
        <resource identifier="RES_CONTENT_675282" type="webcontent" d2l_2p0:material_type="contentlink" d2l_2p0:link_target="_self" href="http://www2.byui.edu/OnlineAdjunct/user.htm" title="" />
        <resource identifier="RES_CONTENT_675283" type="webcontent" d2l_2p0:material_type="content" d2l_2p0:link_target="" href="Course Files\Setup For Course Instructor.html" title="" />
        <resource identifier="RES_CONTENT_675284" type="webcontent" d2l_2p0:material_type="content" d2l_2p0:link_target="" href="Course Files\Setup Notes for Development Team.html" title="" />
        <resource identifier="RES_CONTENT_675285" type="webcontent" d2l_2p0:material_type="content" d2l_2p0:link_target="" href="Course Files\Release Notes.html" title="" />
        <resource identifier="RES_CONTENT_675322" type="webcontent" d2l_2p0:material_type="contentmodule" d2l_2p0:link_target="" href="" title="" />
        <resource identifier="RES_CONTENT_675339" type="webcontent" d2l_2p0:material_type="content" d2l_2p0:link_target="" href="Course Files\Large Template.html" title="" />
        <resource identifier="RES_CONTENT_675340" type="webcontent" d2l_2p0:material_type="content" d2l_2p0:link_target="" href="Course Files\Small Template.html" title="" />
        <resource identifier="RES_CONTENT_675341" type="webcontent" d2l_2p0:material_type="contentlink" d2l_2p0:link_target="_self" href="https://content.byui.edu/integ/gen/e7de5943-5a1e-4a64-bbea-ab36a5e21d44/0/cssfeatures.html" title="" />
        <resource identifier="RES_CONTENT_675274" type="webcontent" d2l_2p0:material_type="contentmodule" d2l_2p0:link_target="" href="" title="" />
        <resource identifier="RES_CONTENT_675313" type="webcontent" d2l_2p0:material_type="contentlink" d2l_2p0:link_target="_self" href="https://content.byui.edu/integ/gen/a055e079-72ea-4505-908d-984d4a7f1a5b/0/introduction.html" title="" />
        <resource identifier="RES_CONTENT_675314" type="webcontent" d2l_2p0:material_type="contentlink" d2l_2p0:link_target="_self" href="https://content.byui.edu/integ/gen/a055e079-72ea-4505-908d-984d4a7f1a5b/0/aboutcontent.html" title="" />
        <resource identifier="RES_CONTENT_675315" type="webcontent" d2l_2p0:material_type="contentlink" d2l_2p0:link_target="_self" href="https://content.byui.edu/integ/gen/a055e079-72ea-4505-908d-984d4a7f1a5b/0/aboutdiscussions.html" title="" />
        <resource identifier="RES_CONTENT_675286" type="webcontent" d2l_2p0:material_type="contentlink" d2l_2p0:link_target="_self" href="/d2l/common/dialogs/quickLink/quickLink.d2l?ou={orgUnitId}&amp;type=discuss&amp;rcode=D2L_Academ-51428" title="" />
        <resource identifier="RES_CONTENT_675316" type="webcontent" d2l_2p0:material_type="contentlink" d2l_2p0:link_target="_self" href="https://content.byui.edu/integ/gen/a055e079-72ea-4505-908d-984d4a7f1a5b/0/aboutassignments.html" title="" />
        <resource identifier="RES_CONTENT_675287" type="webcontent" d2l_2p0:material_type="contentlink" d2l_2p0:link_target="_self" href="/d2l/common/dialogs/quickLink/quickLink.d2l?ou={orgUnitId}&amp;type=dropbox&amp;rcode=D2L_Academ-48274" title="" />
        <resource identifier="RES_CONTENT_675317" type="webcontent" d2l_2p0:material_type="contentlink" d2l_2p0:link_target="_self" href="https://content.byui.edu/integ/gen/a055e079-72ea-4505-908d-984d4a7f1a5b/0/aboutquizzes.html" title="" />
        <resource identifier="RES_CONTENT_675288" type="webcontent" d2l_2p0:material_type="contentlink" d2l_2p0:link_target="_self" href="/d2l/common/dialogs/quickLink/quickLink.d2l?ou={orgUnitId}&amp;type=quiz&amp;rcode=D2L_Academ-51431" title="" />
        <resource identifier="RES_CONTENT_675318" type="webcontent" d2l_2p0:material_type="contentlink" d2l_2p0:link_target="_self" href="https://content.byui.edu/integ/gen/a055e079-72ea-4505-908d-984d4a7f1a5b/0/aboutGrades.html" title="" />
        <resource identifier="RES_CONTENT_675319" type="webcontent" d2l_2p0:material_type="contentlink" d2l_2p0:link_target="_self" href="https://content.byui.edu/integ/gen/a055e079-72ea-4505-908d-984d4a7f1a5b/0/aboutUserProgress.html" title="" />
        <resource identifier="RES_CONTENT_675320" type="webcontent" d2l_2p0:material_type="contentlink" d2l_2p0:link_target="_self" href="https://content.byui.edu/integ/gen/a055e079-72ea-4505-908d-984d4a7f1a5b/0/conclusion.html" title="" />
        <resource identifier="RES_CONTENT_675321" type="webcontent" d2l_2p0:material_type="contentlink" d2l_2p0:link_target="_self" href="https://content.byui.edu/integ/gen/a055e079-72ea-4505-908d-984d4a7f1a5b/0/iLearn3tutorials.html" title="" />
        <resource identifier="RES_CONTENT_675259" type="webcontent" d2l_2p0:material_type="contentmodule" d2l_2p0:link_target="" href="" title="" />
        <resource identifier="RES_CONTENT_675289" type="webcontent" d2l_2p0:material_type="content" d2l_2p0:link_target="" href="Course Files\Lesson Notes.html" title="" />
        <resource identifier="RES_CONTENT_675290" type="webcontent" d2l_2p0:material_type="content" d2l_2p0:link_target="" href="Course Files\Syllabus.html" title="" />
        <resource identifier="RES_CONTENT_675324" type="webcontent" d2l_2p0:material_type="contentlink" d2l_2p0:link_target="_self" href="/d2l/common/dialogs/quickLink/quickLink.d2l?ou={orgUnitId}&amp;type=quiz&amp;rCode=byui_produ-162812" title="" />
        <resource identifier="RES_CONTENT_675291" type="webcontent" d2l_2p0:material_type="contentlink" d2l_2p0:link_target="" href="/d2l/common/dialogs/quickLink/quickLink.d2l?ou={orgUnitId}&amp;type=discuss&amp;rCode=byui_produ-2905" title="" />
        <resource identifier="RES_CONTENT_675444" type="webcontent" d2l_2p0:material_type="content" d2l_2p0:link_target="" href="Course Files\Welcome to Class.html" title="" />
        <resource identifier="RES_CONTENT_675260" type="webcontent" d2l_2p0:material_type="contentmodule" d2l_2p0:link_target="" href="" title="" />
        <resource identifier="RES_CONTENT_675292" type="webcontent" d2l_2p0:material_type="content" d2l_2p0:link_target="" href="Course Files\Lesson Notes.html" title="" />
        <resource identifier="RES_CONTENT_675293" type="webcontent" d2l_2p0:material_type="contentlink" d2l_2p0:link_target="_self" href="/d2l/common/dialogs/quickLink/quickLink.d2l?ou={orgUnitId}&amp;type=discuss&amp;rcode=byui_produ-2905" title="" />
        <resource identifier="RES_CONTENT_675261" type="webcontent" d2l_2p0:material_type="contentmodule" d2l_2p0:link_target="" href="" title="" />
        <resource identifier="RES_CONTENT_675294" type="webcontent" d2l_2p0:material_type="content" d2l_2p0:link_target="" href="Course Files\Lesson Notes.html" title="" />
        <resource identifier="RES_CONTENT_675295" type="webcontent" d2l_2p0:material_type="contentlink" d2l_2p0:link_target="_self" href="/d2l/common/dialogs/quickLink/quickLink.d2l?ou={orgUnitId}&amp;type=discuss&amp;rcode=byui_produ-2905" title="" />
        <resource identifier="RES_CONTENT_675262" type="webcontent" d2l_2p0:material_type="contentmodule" d2l_2p0:link_target="" href="" title="" />
        <resource identifier="RES_CONTENT_675296" type="webcontent" d2l_2p0:material_type="content" d2l_2p0:link_target="" href="Course Files\Lesson Notes.html" title="" />
        <resource identifier="RES_CONTENT_675297" type="webcontent" d2l_2p0:material_type="contentlink" d2l_2p0:link_target="_self" href="/d2l/common/dialogs/quickLink/quickLink.d2l?ou={orgUnitId}&amp;type=discuss&amp;rcode=byui_produ-2905" title="" />
        <resource identifier="RES_CONTENT_675263" type="webcontent" d2l_2p0:material_type="contentmodule" d2l_2p0:link_target="" href="" title="" />
        <resource identifier="RES_CONTENT_675298" type="webcontent" d2l_2p0:material_type="content" d2l_2p0:link_target="" href="Course Files\Lesson Notes.html" title="" />
        <resource identifier="RES_CONTENT_675299" type="webcontent" d2l_2p0:material_type="contentlink" d2l_2p0:link_target="_self" href="/d2l/common/dialogs/quickLink/quickLink.d2l?ou={orgUnitId}&amp;type=discuss&amp;rcode=byui_produ-2905" title="" />
        <resource identifier="RES_CONTENT_675264" type="webcontent" d2l_2p0:material_type="contentmodule" d2l_2p0:link_target="" href="" title="" />
        <resource identifier="RES_CONTENT_675300" type="webcontent" d2l_2p0:material_type="content" d2l_2p0:link_target="" href="Course Files\Lesson Notes.html" title="" />
        <resource identifier="RES_CONTENT_675301" type="webcontent" d2l_2p0:material_type="contentlink" d2l_2p0:link_target="_self" href="/d2l/common/dialogs/quickLink/quickLink.d2l?ou={orgUnitId}&amp;type=discuss&amp;rcode=byui_produ-2905" title="" />
        <resource identifier="RES_CONTENT_675302" type="webcontent" d2l_2p0:material_type="contentlink" d2l_2p0:link_target="_self" href="/d2l/common/dialogs/quickLink/quickLink.d2l?ou={orgUnitId}&amp;type=quiz&amp;rCode=byui_produ-2945" title="" />
        <resource identifier="RES_CONTENT_675265" type="webcontent" d2l_2p0:material_type="contentmodule" d2l_2p0:link_target="" href="" title="" />
        <resource identifier="RES_CONTENT_675303" type="webcontent" d2l_2p0:material_type="content" d2l_2p0:link_target="" href="Course Files\Lesson Notes.html" title="" />
        <resource identifier="RES_CONTENT_675304" type="webcontent" d2l_2p0:material_type="contentlink" d2l_2p0:link_target="_self" href="/d2l/common/dialogs/quickLink/quickLink.d2l?ou={orgUnitId}&amp;type=discuss&amp;rcode=byui_produ-2905" title="" />
        <resource identifier="RES_CONTENT_675266" type="webcontent" d2l_2p0:material_type="contentmodule" d2l_2p0:link_target="" href="" title="" />
        <resource identifier="RES_CONTENT_675305" type="webcontent" d2l_2p0:material_type="content" d2l_2p0:link_target="" href="Course Files\Lesson Notes.html" title="" />
        <resource identifier="RES_CONTENT_675306" type="webcontent" d2l_2p0:material_type="contentlink" d2l_2p0:link_target="_self" href="/d2l/common/dialogs/quickLink/quickLink.d2l?ou={orgUnitId}&amp;type=discuss&amp;rcode=byui_produ-2905" title="" />
        <resource identifier="RES_CONTENT_675267" type="webcontent" d2l_2p0:material_type="contentmodule" d2l_2p0:link_target="" href="" title="" />
        <resource identifier="RES_CONTENT_675307" type="webcontent" d2l_2p0:material_type="content" d2l_2p0:link_target="" href="Course Files\Lesson Notes.html" title="" />
        <resource identifier="RES_CONTENT_675326" type="webcontent" d2l_2p0:material_type="contentlink" d2l_2p0:link_target="_self" href="/d2l/common/dialogs/quickLink/quickLink.d2l?ou={orgUnitId}&amp;type=discuss&amp;rcode=byui_produ-2905" title="" />
        <resource identifier="RES_CONTENT_675268" type="webcontent" d2l_2p0:material_type="contentmodule" d2l_2p0:link_target="" href="" title="" />
        <resource identifier="RES_CONTENT_675327" type="webcontent" d2l_2p0:material_type="content" d2l_2p0:link_target="" href="Course Files\Lesson Notes.html" title="" />
        <resource identifier="RES_CONTENT_675328" type="webcontent" d2l_2p0:material_type="contentlink" d2l_2p0:link_target="_self" href="/d2l/common/dialogs/quickLink/quickLink.d2l?ou={orgUnitId}&amp;type=discuss&amp;rcode=byui_produ-2905" title="" />
        <resource identifier="RES_CONTENT_675269" type="webcontent" d2l_2p0:material_type="contentmodule" d2l_2p0:link_target="" href="" title="" />
        <resource identifier="RES_CONTENT_675329" type="webcontent" d2l_2p0:material_type="content" d2l_2p0:link_target="" href="Course Files\Lesson Notes.html" title="" />
        <resource identifier="RES_CONTENT_675330" type="webcontent" d2l_2p0:material_type="contentlink" d2l_2p0:link_target="_self" href="/d2l/common/dialogs/quickLink/quickLink.d2l?ou={orgUnitId}&amp;type=discuss&amp;rcode=byui_produ-2905" title="" />
        <resource identifier="RES_CONTENT_675270" type="webcontent" d2l_2p0:material_type="contentmodule" d2l_2p0:link_target="" href="" title="" />
        <resource identifier="RES_CONTENT_675331" type="webcontent" d2l_2p0:material_type="content" d2l_2p0:link_target="" href="Course Files\Lesson Notes.html" title="" />
        <resource identifier="RES_CONTENT_675332" type="webcontent" d2l_2p0:material_type="contentlink" d2l_2p0:link_target="_self" href="/d2l/common/dialogs/quickLink/quickLink.d2l?ou={orgUnitId}&amp;type=discuss&amp;rcode=byui_produ-2905" title="" />
        <resource identifier="RES_CONTENT_675271" type="webcontent" d2l_2p0:material_type="contentmodule" d2l_2p0:link_target="" href="" title="" />
        <resource identifier="RES_CONTENT_675333" type="webcontent" d2l_2p0:material_type="content" d2l_2p0:link_target="" href="Course Files\Lesson Notes.html" title="" />
        <resource identifier="RES_CONTENT_675334" type="webcontent" d2l_2p0:material_type="contentlink" d2l_2p0:link_target="_self" href="/d2l/common/dialogs/quickLink/quickLink.d2l?ou={orgUnitId}&amp;type=discuss&amp;rcode=byui_produ-2905" title="" />
        <resource identifier="RES_CONTENT_675335" type="webcontent" d2l_2p0:material_type="contentlink" d2l_2p0:link_target="_blank" href="http://abish.byui.edu/berg/evaluation/select.cfm" title="" />
        <resource identifier="RES_CONTENT_675272" type="webcontent" d2l_2p0:material_type="contentmodule" d2l_2p0:link_target="" href="" title="" />
        <resource identifier="RES_CONTENT_675336" type="webcontent" d2l_2p0:material_type="content" d2l_2p0:link_target="" href="Course Files\Lesson Notes.html" title="" />
        <resource identifier="RES_CONTENT_675337" type="webcontent" d2l_2p0:material_type="contentlink" d2l_2p0:link_target="_self" href="/d2l/common/dialogs/quickLink/quickLink.d2l?ou={orgUnitId}&amp;type=discuss&amp;rcode=byui_produ-2905" title="" />
        <resource identifier="RES_CONTENT_675273" type="webcontent" d2l_2p0:material_type="contentmodule" d2l_2p0:link_target="" href="" title="" />
        <resource identifier="RES_CONTENT_675325" type="webcontent" d2l_2p0:material_type="contentlink" d2l_2p0:link_target="_blank" href="https://docs.google.com/spreadsheets/d/1qBM-Q1537Yuc8VFnUNzzU2rgN4yTihFbUnKekMTXXas/edit#gid=0" title="" />
        <resource identifier="RES_CONTENT_675338" type="webcontent" d2l_2p0:material_type="content" d2l_2p0:link_target="" href="Course Files\How to Set Up a Google Document to Replace Wiki.html" title="" />
        <resource identifier="res_syllabus" type="webcontent" d2l_2p0:material_type="d2lsyllabus" d2l_2p0:link_target="" href="syllabus_d2l.xml" title="" />
    </resources>
</manifest>