﻿<?xml version="1.0" encoding="UTF-8"?>
<manifest identifier="D2L_61928" xmlns:d2l_2p0="http://desire2learn.com/xsd/d2lcp_v2p0" xmlns:scorm_1p2="http://www.adlnet.org/xsd/adlcp_rootv1p2" xmlns="http://www.imsglobal.org/xsd/imscp_v1p1">
    <organizations default="d2l_orgs">
        <organization identifier="d2l_org">
            <item identifier="1024993" identifierref="RES_CONTENT_1024993" d2l_2p0:id="1" d2l_2p0:resource_code="byui_produ-INSTRUCTOR" description="" completion_type="2">
                <title>Welcome</title>
                <item identifier="1107123" identifierref="RES_CONTENT_1107123" d2l_2p0:id="2" d2l_2p0:resource_code="byui_produ-599293" description="" completion_type="1" resource_type_key="">
                    <title>Syllabus</title>
                </item>
                <item identifier="1041860" identifierref="RES_CONTENT_1041860" d2l_2p0:id="3" description="" completion_type="1" resource_type_key="">
                    <title>University Policies</title>
                </item>
                <item identifier="1041863" identifierref="RES_CONTENT_1041863" d2l_2p0:id="4" description="" completion_type="1">
                    <title>Group Meeting Room Links</title>
                </item>
                <item identifier="1624697" identifierref="RES_CONTENT_1624697" d2l_2p0:id="5" description="" completion_type="1" resource_type_key="">
                    <title>Questions and Conversations</title>
                </item>
                <item identifier="1041861" identifierref="RES_CONTENT_1041861" d2l_2p0:id="6" description="" completion_type="1" resource_type_key="">
                    <title>Online Support Center</title>
                </item>
                <item identifier="1544487" identifierref="RES_CONTENT_1544487" d2l_2p0:id="7" description="" completion_type="1" resource_type_key="">
                    <title>Course Outline</title>
                </item>
            </item>
            <item identifier="1024996" identifierref="RES_CONTENT_1024996" d2l_2p0:id="8" d2l_2p0:resource_code="byui_produ-SYLLABUS" description="" completion_type="2">
                <title>Instructor Resources</title>
                <item identifier="1099769" identifierref="RES_CONTENT_1099769" d2l_2p0:id="9" description="" completion_type="2">
                    <title>Pre-Semester Setup</title>
                    <item identifier="1024998" identifierref="RES_CONTENT_1024998" d2l_2p0:id="10" description="" completion_type="3" resource_type_key="">
                        <title>Setup for Course Instructor</title>
                    </item>
                    <item identifier="1024999" identifierref="RES_CONTENT_1024999" d2l_2p0:id="11" description="" completion_type="3" resource_type_key="">
                        <title>Setup Notes for Development Team</title>
                    </item>
                    <item identifier="1099770" identifierref="RES_CONTENT_1099770" d2l_2p0:id="12" description="" completion_type="3">
                        <title>Course Schedule (Archived)</title>
                    </item>
                </item>
                <item identifier="1099767" identifierref="RES_CONTENT_1099767" d2l_2p0:id="13" description="" completion_type="2">
                    <title>Course Maintenance</title>
                    <item identifier="1041964" identifierref="RES_CONTENT_1041964" d2l_2p0:id="14" description="" completion_type="3" resource_type_key="">
                        <title>Course Fixes/Improvements</title>
                    </item>
                    <item identifier="1099778" identifierref="RES_CONTENT_1099778" d2l_2p0:id="15" description="" completion_type="3" resource_type_key="">
                        <title>Course Maintenance Log</title>
                    </item>
                    <item identifier="1041981" identifierref="RES_CONTENT_1041981" d2l_2p0:id="16" description="" completion_type="3" resource_type_key="">
                        <title>Release Notes</title>
                    </item>
                </item>
                <item identifier="1025001" identifierref="RES_CONTENT_1025001" d2l_2p0:id="17" d2l_2p0:resource_code="byui_produ-6XAHK" description="" completion_type="2">
                    <title>General Resources</title>
                    <item identifier="1024997" identifierref="RES_CONTENT_1024997" d2l_2p0:id="18" d2l_2p0:resource_code="byui_produ-401426" description="" completion_type="3" resource_type_key="">
                        <title>Lesson Notes</title>
                    </item>
                    <item identifier="1041960" identifierref="RES_CONTENT_1041960" d2l_2p0:id="19" description="" completion_type="3">
                        <title>Course Map</title>
                    </item>
                    <item identifier="1041965" identifierref="RES_CONTENT_1041965" d2l_2p0:id="20" description="" completion_type="3" resource_type_key="">
                        <title>Teaching Group Directory</title>
                    </item>
                    <item identifier="1041969" identifierref="RES_CONTENT_1041969" d2l_2p0:id="21" description="" completion_type="3" resource_type_key="">
                        <title>Online Instructor Community</title>
                    </item>
                    <item identifier="1041971" identifierref="RES_CONTENT_1041971" d2l_2p0:id="22" description="" completion_type="3" resource_type_key="">
                        <title>Weekly Reflection</title>
                    </item>
                </item>
            </item>
            <item identifier="1029162" identifierref="RES_CONTENT_1029162" d2l_2p0:id="23" d2l_2p0:resource_code="byui_produ-156499" description="" completion_type="2">
                <title>I-Learn 3.0 Tour</title>
                <item identifier="1029166" identifierref="RES_CONTENT_1029166" d2l_2p0:id="24" d2l_2p0:resource_code="byui_produ-156500" description="" completion_type="1" resource_type_key="">
                    <title>Introduction</title>
                </item>
                <item identifier="1029167" identifierref="RES_CONTENT_1029167" d2l_2p0:id="25" d2l_2p0:resource_code="byui_produ-156501" description="" completion_type="1" resource_type_key="">
                    <title>About Content</title>
                </item>
                <item identifier="1029168" identifierref="RES_CONTENT_1029168" d2l_2p0:id="26" d2l_2p0:resource_code="byui_produ-156502" description="" completion_type="1" resource_type_key="">
                    <title>About Discussions</title>
                </item>
                <item identifier="1029163" identifierref="RES_CONTENT_1029163" d2l_2p0:id="27" d2l_2p0:resource_code="byui_produ-156503" description="" completion_type="2" resource_type_key="">
                    <title>Simulation Discussion Topic</title>
                </item>
                <item identifier="1029169" identifierref="RES_CONTENT_1029169" d2l_2p0:id="28" d2l_2p0:resource_code="byui_produ-156504" description="" completion_type="1" resource_type_key="">
                    <title>About Assignments</title>
                </item>
                <item identifier="1029164" identifierref="RES_CONTENT_1029164" d2l_2p0:id="29" d2l_2p0:resource_code="byui_produ-156505" description="" completion_type="2" resource_type_key="">
                    <title>Dropbox Simulation</title>
                </item>
                <item identifier="1029170" identifierref="RES_CONTENT_1029170" d2l_2p0:id="30" d2l_2p0:resource_code="byui_produ-156506" description="" completion_type="1" resource_type_key="">
                    <title>About Quizzes</title>
                </item>
                <item identifier="1029165" identifierref="RES_CONTENT_1029165" d2l_2p0:id="31" d2l_2p0:resource_code="byui_produ-156507" description="" completion_type="2" resource_type_key="">
                    <title>Simulation Quiz</title>
                </item>
                <item identifier="1029171" identifierref="RES_CONTENT_1029171" d2l_2p0:id="32" d2l_2p0:resource_code="byui_produ-156508" description="" completion_type="1" resource_type_key="">
                    <title>About Grades</title>
                </item>
                <item identifier="1029172" identifierref="RES_CONTENT_1029172" d2l_2p0:id="33" d2l_2p0:resource_code="byui_produ-156509" description="" completion_type="1" resource_type_key="">
                    <title>About User Progress</title>
                </item>
                <item identifier="1029173" identifierref="RES_CONTENT_1029173" d2l_2p0:id="34" d2l_2p0:resource_code="byui_produ-156510" description="" completion_type="1" resource_type_key="">
                    <title>Conclusion</title>
                </item>
                <item identifier="1029174" identifierref="RES_CONTENT_1029174" d2l_2p0:id="35" d2l_2p0:resource_code="byui_produ-156511" description="" completion_type="1" resource_type_key="">
                    <title>I-Learn 3 Tutorials</title>
                </item>
            </item>
            <item identifier="1025016" identifierref="RES_CONTENT_1025016" d2l_2p0:id="36" d2l_2p0:resource_code="byui_produ-INTRODUCTION_UNIT" description="" completion_type="2">
                <title>Lesson 01</title>
                <item identifier="1099406" identifierref="RES_CONTENT_1099406" d2l_2p0:id="37" d2l_2p0:resource_code="byui_produ-407829" description="" completion_type="3" resource_type_key="">
                    <title>L01 Lesson Notes</title>
                </item>
                <item identifier="1099403" identifierref="RES_CONTENT_1099403" d2l_2p0:id="38" description="" completion_type="3" resource_type_key="">
                    <title>Questions and Conversations</title>
                </item>
                <item identifier="1025019" identifierref="RES_CONTENT_1025019" d2l_2p0:id="39" description="" completion_type="1" resource_type_key="">
                    <title>L01.00 Introduction and Instructions</title>
                </item>
                <item identifier="1104645" identifierref="RES_CONTENT_1104645" d2l_2p0:id="40" description="" completion_type="1" resource_type_key="">
                    <title>L01.01 Orientation to Online Learning at BYU-Idaho</title>
                </item>
            </item>
            <item identifier="1025020" identifierref="RES_CONTENT_1025020" d2l_2p0:id="41" d2l_2p0:resource_code="byui_produ-UNIT_01" description="" completion_type="2">
                <title>Lesson 02</title>
                <item identifier="1047837" identifierref="RES_CONTENT_1047837" d2l_2p0:id="42" d2l_2p0:resource_code="byui_produ-407830" description="" completion_type="3" resource_type_key="">
                    <title>L02 Lesson Notes</title>
                </item>
                <item identifier="1047828" identifierref="RES_CONTENT_1047828" d2l_2p0:id="43" description="" completion_type="3" resource_type_key="">
                    <title>Questions and Conversations</title>
                </item>
                <item identifier="1025022" identifierref="RES_CONTENT_1025022" d2l_2p0:id="44" description="" completion_type="1" resource_type_key="">
                    <title>L02.00 Introduction and Instructions</title>
                </item>
                <item identifier="1047825" identifierref="RES_CONTENT_1047825" d2l_2p0:id="45" d2l_2p0:resource_code="byui_produ-612441" description="" completion_type="1" resource_type_key="">
                    <title>L02.01 Paper 1—Instructions</title>
                </item>
                <item identifier="1025023" identifierref="RES_CONTENT_1025023" d2l_2p0:id="46" description="" completion_type="2" resource_type_key="">
                    <title>Paper 1</title>
                </item>
            </item>
            <item identifier="1025024" identifierref="RES_CONTENT_1025024" d2l_2p0:id="47" d2l_2p0:resource_code="byui_produ-UNIT_02" description="" completion_type="2">
                <title>Lesson 03</title>
                <item identifier="1047843" identifierref="RES_CONTENT_1047843" d2l_2p0:id="48" d2l_2p0:resource_code="byui_produ-407831" description="" completion_type="3" resource_type_key="">
                    <title>L03 Lesson Notes</title>
                </item>
                <item identifier="1047844" identifierref="RES_CONTENT_1047844" d2l_2p0:id="49" description="" completion_type="3" resource_type_key="">
                    <title>Questions and Conversations</title>
                </item>
                <item identifier="1025026" identifierref="RES_CONTENT_1025026" d2l_2p0:id="50" description="" completion_type="1" resource_type_key="">
                    <title>L03.00 Introduction and Instructions</title>
                </item>
                <item identifier="1025027" identifierref="RES_CONTENT_1025027" d2l_2p0:id="51" description="" completion_type="1" resource_type_key="">
                    <title>L03.01 Quiz 1</title>
                </item>
            </item>
            <item identifier="1025028" identifierref="RES_CONTENT_1025028" d2l_2p0:id="52" d2l_2p0:resource_code="byui_produ-UNIT_03" description="" completion_type="2">
                <title>Lesson 04</title>
                <item identifier="1047846" identifierref="RES_CONTENT_1047846" d2l_2p0:id="53" d2l_2p0:resource_code="byui_produ-407832" description="" completion_type="3">
                    <title>L04 Lesson Notes</title>
                </item>
                <item identifier="1047845" identifierref="RES_CONTENT_1047845" d2l_2p0:id="54" description="" completion_type="3" resource_type_key="">
                    <title>Questions and Conversations</title>
                </item>
                <item identifier="1025030" identifierref="RES_CONTENT_1025030" d2l_2p0:id="55" description="" completion_type="1" resource_type_key="">
                    <title>L04.00 Introduction and Instructions</title>
                </item>
                <item identifier="1099554" identifierref="RES_CONTENT_1099554" d2l_2p0:id="56" d2l_2p0:resource_code="byui_produ-612442" description="" completion_type="1" resource_type_key="">
                    <title>L04.01 Paper 2—Instructions</title>
                </item>
                <item identifier="1025031" identifierref="RES_CONTENT_1025031" d2l_2p0:id="57" description="" completion_type="2" resource_type_key="">
                    <title>Paper 2</title>
                </item>
                <item identifier="1025032" identifierref="RES_CONTENT_1025032" d2l_2p0:id="58" description="" completion_type="1" resource_type_key="">
                    <title>L04.02 Quiz 2</title>
                </item>
            </item>
            <item identifier="1025033" identifierref="RES_CONTENT_1025033" d2l_2p0:id="59" d2l_2p0:resource_code="byui_produ-55AAP" description="" completion_type="2">
                <title>Lesson 05</title>
                <item identifier="1047852" identifierref="RES_CONTENT_1047852" d2l_2p0:id="60" d2l_2p0:resource_code="byui_produ-407833" description="" completion_type="3" resource_type_key="">
                    <title>L05 Lesson Notes</title>
                </item>
                <item identifier="1047849" identifierref="RES_CONTENT_1047849" d2l_2p0:id="61" description="" completion_type="3" resource_type_key="">
                    <title>Questions and Conversations</title>
                </item>
                <item identifier="1025035" identifierref="RES_CONTENT_1025035" d2l_2p0:id="62" description="" completion_type="1" resource_type_key="">
                    <title>L05.00 Introduction and Instructions</title>
                </item>
                <item identifier="1025036" identifierref="RES_CONTENT_1025036" d2l_2p0:id="63" description="" completion_type="1" resource_type_key="">
                    <title>L05.01 Exam 1</title>
                </item>
            </item>
            <item identifier="1025037" identifierref="RES_CONTENT_1025037" d2l_2p0:id="64" d2l_2p0:resource_code="byui_produ-UNIT_05" description="" completion_type="2">
                <title>Lesson 06</title>
                <item identifier="1047856" identifierref="RES_CONTENT_1047856" d2l_2p0:id="65" d2l_2p0:resource_code="byui_produ-407834" description="" completion_type="3" resource_type_key="">
                    <title>L06 Lesson Notes</title>
                </item>
                <item identifier="1047853" identifierref="RES_CONTENT_1047853" d2l_2p0:id="66" description="" completion_type="3" resource_type_key="">
                    <title>Questions and Conversations</title>
                </item>
                <item identifier="1025039" identifierref="RES_CONTENT_1025039" d2l_2p0:id="67" description="" completion_type="1" resource_type_key="">
                    <title>L06.00 Introduction and Instructions</title>
                </item>
                <item identifier="1025040" identifierref="RES_CONTENT_1025040" d2l_2p0:id="68" description="" completion_type="1" resource_type_key="">
                    <title>L06.01 Quiz 3</title>
                </item>
                <item identifier="1099628" identifierref="RES_CONTENT_1099628" d2l_2p0:id="69" description="" completion_type="2" resource_type_key="">
                    <title>Mid-Course Evaluation</title>
                </item>
            </item>
            <item identifier="1025041" identifierref="RES_CONTENT_1025041" d2l_2p0:id="70" d2l_2p0:resource_code="byui_produ-UNIT_06" description="" completion_type="2">
                <title>Lesson 07</title>
                <item identifier="1047867" identifierref="RES_CONTENT_1047867" d2l_2p0:id="71" d2l_2p0:resource_code="byui_produ-407835" description="" completion_type="3" resource_type_key="">
                    <title>L07 Lesson Notes</title>
                </item>
                <item identifier="1047866" identifierref="RES_CONTENT_1047866" d2l_2p0:id="72" description="" completion_type="3" resource_type_key="">
                    <title>Questions and Conversations</title>
                </item>
                <item identifier="1025043" identifierref="RES_CONTENT_1025043" d2l_2p0:id="73" description="" completion_type="1" resource_type_key="">
                    <title>L07.00 Introduction and Instruction</title>
                </item>
                <item identifier="1099605" identifierref="RES_CONTENT_1099605" d2l_2p0:id="74" d2l_2p0:resource_code="byui_produ-612443" description="" completion_type="1" resource_type_key="">
                    <title>L07.01 Paper 3—Instructions</title>
                </item>
                <item identifier="1025044" identifierref="RES_CONTENT_1025044" d2l_2p0:id="75" description="" completion_type="2" resource_type_key="">
                    <title>Paper 3</title>
                </item>
                <item identifier="1025045" identifierref="RES_CONTENT_1025045" d2l_2p0:id="76" description="" completion_type="1" resource_type_key="">
                    <title>L07.02 Quiz 4</title>
                </item>
            </item>
            <item identifier="1025047" identifierref="RES_CONTENT_1025047" d2l_2p0:id="77" d2l_2p0:resource_code="byui_produ-UNIT_07" description="" completion_type="2">
                <title>Lesson 08</title>
                <item identifier="1047871" identifierref="RES_CONTENT_1047871" d2l_2p0:id="78" d2l_2p0:resource_code="byui_produ-407836" description="" completion_type="3" resource_type_key="">
                    <title>L08 Lesson Notes</title>
                </item>
                <item identifier="1047870" identifierref="RES_CONTENT_1047870" d2l_2p0:id="79" description="" completion_type="3" resource_type_key="">
                    <title>Questions and Conversations</title>
                </item>
                <item identifier="1025049" identifierref="RES_CONTENT_1025049" d2l_2p0:id="80" description="" completion_type="1" resource_type_key="">
                    <title>L08.00 Introduction and Instruction</title>
                </item>
                <item identifier="1025050" identifierref="RES_CONTENT_1025050" d2l_2p0:id="81" description="" completion_type="1" resource_type_key="">
                    <title>L08.01 Exam 2</title>
                </item>
            </item>
            <item identifier="1025051" identifierref="RES_CONTENT_1025051" d2l_2p0:id="82" d2l_2p0:resource_code="byui_produ-UNIT_08" description="" completion_type="2">
                <title>Lesson 09</title>
                <item identifier="1047873" identifierref="RES_CONTENT_1047873" d2l_2p0:id="83" d2l_2p0:resource_code="byui_produ-407837" description="" completion_type="3" resource_type_key="">
                    <title>L09 Lesson Notes</title>
                </item>
                <item identifier="1047872" identifierref="RES_CONTENT_1047872" d2l_2p0:id="84" description="" completion_type="3" resource_type_key="">
                    <title>Questions and Conversations</title>
                </item>
                <item identifier="1025053" identifierref="RES_CONTENT_1025053" d2l_2p0:id="85" description="" completion_type="1" resource_type_key="">
                    <title>L09.00 Introduction and Instruction</title>
                </item>
                <item identifier="1099651" identifierref="RES_CONTENT_1099651" d2l_2p0:id="86" d2l_2p0:resource_code="byui_produ-612444" description="" completion_type="1" resource_type_key="">
                    <title>L09.01 Paper 4—Instructions</title>
                </item>
                <item identifier="1025054" identifierref="RES_CONTENT_1025054" d2l_2p0:id="87" description="" completion_type="2" resource_type_key="">
                    <title>Paper 4</title>
                </item>
                <item identifier="1025055" identifierref="RES_CONTENT_1025055" d2l_2p0:id="88" description="" completion_type="1" resource_type_key="">
                    <title>L09.02 Quiz 5</title>
                </item>
            </item>
            <item identifier="1025056" identifierref="RES_CONTENT_1025056" d2l_2p0:id="89" d2l_2p0:resource_code="byui_produ-UNIT_09" description="" completion_type="2">
                <title>Lesson 10</title>
                <item identifier="1047878" identifierref="RES_CONTENT_1047878" d2l_2p0:id="90" d2l_2p0:resource_code="byui_produ-407838" description="" completion_type="3" resource_type_key="">
                    <title>L10 Lesson Notes</title>
                </item>
                <item identifier="1047876" identifierref="RES_CONTENT_1047876" d2l_2p0:id="91" description="" completion_type="3" resource_type_key="">
                    <title>Questions and Conversations</title>
                </item>
                <item identifier="1025058" identifierref="RES_CONTENT_1025058" d2l_2p0:id="92" description="" completion_type="1" resource_type_key="">
                    <title>L10.00 Introduction and Instruction</title>
                </item>
                <item identifier="1025059" identifierref="RES_CONTENT_1025059" d2l_2p0:id="93" description="" completion_type="1" resource_type_key="">
                    <title>L10.01 Quiz 6</title>
                </item>
            </item>
            <item identifier="1025060" identifierref="RES_CONTENT_1025060" d2l_2p0:id="94" d2l_2p0:resource_code="byui_produ-UNIT_10" description="" completion_type="2">
                <title>Lesson 11</title>
                <item identifier="1047880" identifierref="RES_CONTENT_1047880" d2l_2p0:id="95" d2l_2p0:resource_code="byui_produ-407839" description="" completion_type="3" resource_type_key="">
                    <title>L11 Lesson Notes</title>
                </item>
                <item identifier="1047879" identifierref="RES_CONTENT_1047879" d2l_2p0:id="96" description="" completion_type="3" resource_type_key="">
                    <title>Questions and Conversations</title>
                </item>
                <item identifier="1025062" identifierref="RES_CONTENT_1025062" d2l_2p0:id="97" description="" completion_type="1" resource_type_key="">
                    <title>L11.00 Introduction and Instructions</title>
                </item>
                <item identifier="1025063" identifierref="RES_CONTENT_1025063" d2l_2p0:id="98" description="" completion_type="1" resource_type_key="">
                    <title>L11.01 Exam 3</title>
                </item>
            </item>
            <item identifier="1025064" identifierref="RES_CONTENT_1025064" d2l_2p0:id="99" d2l_2p0:resource_code="byui_produ-UNIT_11" description="" completion_type="2">
                <title>Lesson 12</title>
                <item identifier="1047888" identifierref="RES_CONTENT_1047888" d2l_2p0:id="100" d2l_2p0:resource_code="byui_produ-407840" description="" completion_type="3" resource_type_key="">
                    <title>L12 Lesson Notes</title>
                </item>
                <item identifier="1047886" identifierref="RES_CONTENT_1047886" d2l_2p0:id="101" description="" completion_type="3" resource_type_key="">
                    <title>Questions and Conversations</title>
                </item>
                <item identifier="1025066" identifierref="RES_CONTENT_1025066" d2l_2p0:id="102" description="" completion_type="1" resource_type_key="">
                    <title>L12.00 Introduction and Instruction</title>
                </item>
                <item identifier="1025067" identifierref="RES_CONTENT_1025067" d2l_2p0:id="103" description="" completion_type="1" resource_type_key="">
                    <title>L12.01 Quiz 7</title>
                </item>
            </item>
            <item identifier="1025068" identifierref="RES_CONTENT_1025068" d2l_2p0:id="104" d2l_2p0:resource_code="byui_produ-UNIT_12" description="" completion_type="2">
                <title>Lesson 13</title>
                <item identifier="1047890" identifierref="RES_CONTENT_1047890" d2l_2p0:id="105" d2l_2p0:resource_code="byui_produ-407841" description="" completion_type="3" resource_type_key="">
                    <title>L13 Lesson Notes</title>
                </item>
                <item identifier="1047889" identifierref="RES_CONTENT_1047889" d2l_2p0:id="106" description="" completion_type="3" resource_type_key="">
                    <title>Questions and Conversations</title>
                </item>
                <item identifier="1025070" identifierref="RES_CONTENT_1025070" d2l_2p0:id="107" description="" completion_type="1" resource_type_key="">
                    <title>L13.00 Introduction and Instruction</title>
                </item>
                <item identifier="1099717" identifierref="RES_CONTENT_1099717" d2l_2p0:id="108" d2l_2p0:resource_code="byui_produ-612446" description="" completion_type="1" resource_type_key="">
                    <title>L13.01 Network Design Paper—Instructions</title>
                </item>
                <item identifier="1025071" identifierref="RES_CONTENT_1025071" d2l_2p0:id="109" description="" completion_type="2" resource_type_key="">
                    <title>Network Design Paper</title>
                </item>
                <item identifier="1025072" identifierref="RES_CONTENT_1025072" d2l_2p0:id="110" description="" completion_type="1">
                    <title>Course Evaluation</title>
                </item>
            </item>
            <item identifier="1025073" identifierref="RES_CONTENT_1025073" d2l_2p0:id="111" d2l_2p0:resource_code="byui_produ-CONCLUSION_UNIT" description="" completion_type="2">
                <title>Lesson 14</title>
                <item identifier="1047892" identifierref="RES_CONTENT_1047892" d2l_2p0:id="112" d2l_2p0:resource_code="byui_produ-407842" description="" completion_type="3" resource_type_key="">
                    <title>L14 Lesson Notes</title>
                </item>
                <item identifier="1047891" identifierref="RES_CONTENT_1047891" d2l_2p0:id="113" description="" completion_type="3" resource_type_key="">
                    <title>Questions and Conversations</title>
                </item>
                <item identifier="1025075" identifierref="RES_CONTENT_1025075" d2l_2p0:id="114" description="" completion_type="1" resource_type_key="">
                    <title>L14.00 Final Exam</title>
                </item>
            </item>
            <item identifier="1025002" identifierref="RES_CONTENT_1025002" d2l_2p0:id="115" d2l_2p0:resource_code="byui_produ-COURSE_NOTES_2" description="" completion_type="2">
                <title>Resources</title>
                <item identifier="1041862" identifierref="RES_CONTENT_1041862" d2l_2p0:id="116" description="" completion_type="3" resource_type_key="">
                    <title>Library Research Guides</title>
                </item>
                <item identifier="1041866" identifierref="RES_CONTENT_1041866" d2l_2p0:id="117" description="" completion_type="3" resource_type_key="">
                    <title>Academic Support Center</title>
                </item>
                <item identifier="1042030" identifierref="RES_CONTENT_1042030" d2l_2p0:id="118" description="" completion_type="3">
                    <title>Copyright and Source Info</title>
                </item>
            </item>
        </organization>
    </organizations>
    <resources>
        <resource identifier="RES_CONTENT_1024993" type="webcontent" d2l_2p0:material_type="contentmodule" d2l_2p0:link_target="" href="" title="" />
        <resource identifier="RES_CONTENT_1107123" type="webcontent" d2l_2p0:material_type="contentlink" d2l_2p0:link_target="_self" href="https://content.byui.edu/integ/gen/7592b9be-d949-4a1a-bce6-d0a44dcf53c6/0/cit240syllabus.html" title="" />
        <resource identifier="RES_CONTENT_1041860" type="webcontent" d2l_2p0:material_type="contentlink" d2l_2p0:link_target="_self" href="https://content.byui.edu/integ/gen/d24f576f-d34b-47be-a466-d00bd4792fb6/0/universitypolicies.html" title="" />
        <resource identifier="RES_CONTENT_1041863" type="webcontent" d2l_2p0:material_type="contentlink" d2l_2p0:link_target="_self" href="https://content.byui.edu/file/f1ed13e7-4c8d-447c-85da-f62747a09ec4/$/adobe.zip/adobe/index.html?course={OrgUnitName}&amp;total_meetings=10" title="" />
        <resource identifier="RES_CONTENT_1624697" type="webcontent" d2l_2p0:material_type="contentlink" d2l_2p0:link_target="_self" href="/d2l/common/dialogs/quickLink/quickLink.d2l?ou={orgUnitId}&amp;type=discuss&amp;rcode=byui_produ-156341" title="" />
        <resource identifier="RES_CONTENT_1041861" type="webcontent" d2l_2p0:material_type="contentlink" d2l_2p0:link_target="_self" href="https://content.byui.edu/integ/gen/8872d2b2-91d5-4953-a357-3097ef2aa5d0/0/byuisupcenter.html" title="" />
        <resource identifier="RES_CONTENT_1544487" type="webcontent" d2l_2p0:material_type="content" d2l_2p0:link_target="" href="Course Files\Course Schedule.html" title="" />
        <resource identifier="RES_CONTENT_1024996" type="webcontent" d2l_2p0:material_type="contentmodule" d2l_2p0:link_target="" href="" title="" />
        <resource identifier="RES_CONTENT_1099769" type="webcontent" d2l_2p0:material_type="contentmodule" d2l_2p0:link_target="" href="" title="" />
        <resource identifier="RES_CONTENT_1024998" type="webcontent" d2l_2p0:material_type="content" d2l_2p0:link_target="" href="Course Files\Schedule.html" title="" />
        <resource identifier="RES_CONTENT_1024999" type="webcontent" d2l_2p0:material_type="content" d2l_2p0:link_target="" href="Course Files\University Policies.html" title="" />
        <resource identifier="RES_CONTENT_1099770" type="webcontent" d2l_2p0:material_type="content" d2l_2p0:link_target="" href="Course Files\Course Schedule (Archived).html" title="" />
        <resource identifier="RES_CONTENT_1099767" type="webcontent" d2l_2p0:material_type="contentmodule" d2l_2p0:link_target="" href="" title="" />
        <resource identifier="RES_CONTENT_1041964" type="webcontent" d2l_2p0:material_type="contentlink" d2l_2p0:link_target="_blank" href="https://web.byui.edu/Portfolio/OnlineCourses/improvement" title="" />
        <resource identifier="RES_CONTENT_1099778" type="webcontent" d2l_2p0:material_type="content" d2l_2p0:link_target="" href="Course Files\Course Maintenance Log.html" title="" />
        <resource identifier="RES_CONTENT_1041981" type="webcontent" d2l_2p0:material_type="content" d2l_2p0:link_target="" href="Course Files\Release Notes.html" title="" />
        <resource identifier="RES_CONTENT_1025001" type="webcontent" d2l_2p0:material_type="contentmodule" d2l_2p0:link_target="" href="" title="" />
        <resource identifier="RES_CONTENT_1024997" type="webcontent" d2l_2p0:material_type="content" d2l_2p0:link_target="" href="Course Files\Syllabus.html" title="" />
        <resource identifier="RES_CONTENT_1041960" type="webcontent" d2l_2p0:material_type="contentlink" d2l_2p0:link_target="_blank" href="https://docs.google.com/spreadsheets/d/1dFM7frChPMp8az_HGPcfr2D_idJ81sjJZKmTFLhtROM/edit?usp=sharing" title="" />
        <resource identifier="RES_CONTENT_1041965" type="webcontent" d2l_2p0:material_type="contentlink" d2l_2p0:link_target="_blank" href="https://onlineadmin.byui.edu/content/app/app.html#/group-directory/oim-directory" title="" />
        <resource identifier="RES_CONTENT_1041969" type="webcontent" d2l_2p0:material_type="contentlink" d2l_2p0:link_target="_blank" href="http://onlineinstruction.ning.com/" title="" />
        <resource identifier="RES_CONTENT_1041971" type="webcontent" d2l_2p0:material_type="contentlink" d2l_2p0:link_target="_blank" href="http://www2.byui.edu/OnlineAdjunct/user.htm" title="" />
        <resource identifier="RES_CONTENT_1029162" type="webcontent" d2l_2p0:material_type="contentmodule" d2l_2p0:link_target="" href="" title="" />
        <resource identifier="RES_CONTENT_1029166" type="webcontent" d2l_2p0:material_type="contentlink" d2l_2p0:link_target="_self" href="https://content.byui.edu/integ/gen/a055e079-72ea-4505-908d-984d4a7f1a5b/0/introduction.html" title="" />
        <resource identifier="RES_CONTENT_1029167" type="webcontent" d2l_2p0:material_type="contentlink" d2l_2p0:link_target="_self" href="https://content.byui.edu/integ/gen/a055e079-72ea-4505-908d-984d4a7f1a5b/0/aboutcontent.html" title="" />
        <resource identifier="RES_CONTENT_1029168" type="webcontent" d2l_2p0:material_type="contentlink" d2l_2p0:link_target="_self" href="https://content.byui.edu/integ/gen/a055e079-72ea-4505-908d-984d4a7f1a5b/0/aboutdiscussions.html" title="" />
        <resource identifier="RES_CONTENT_1029163" type="webcontent" d2l_2p0:material_type="contentlink" d2l_2p0:link_target="_self" href="/d2l/common/dialogs/quickLink/quickLink.d2l?ou={orgUnitId}&amp;type=discuss&amp;rcode=D2L_Academ-51428" title="" />
        <resource identifier="RES_CONTENT_1029169" type="webcontent" d2l_2p0:material_type="contentlink" d2l_2p0:link_target="_self" href="https://content.byui.edu/integ/gen/a055e079-72ea-4505-908d-984d4a7f1a5b/0/aboutassignments.html" title="" />
        <resource identifier="RES_CONTENT_1029164" type="webcontent" d2l_2p0:material_type="contentlink" d2l_2p0:link_target="_self" href="/d2l/common/dialogs/quickLink/quickLink.d2l?ou={orgUnitId}&amp;type=dropbox&amp;rcode=D2L_Academ-48274" title="" />
        <resource identifier="RES_CONTENT_1029170" type="webcontent" d2l_2p0:material_type="contentlink" d2l_2p0:link_target="_self" href="https://content.byui.edu/integ/gen/a055e079-72ea-4505-908d-984d4a7f1a5b/0/aboutquizzes.html" title="" />
        <resource identifier="RES_CONTENT_1029165" type="webcontent" d2l_2p0:material_type="contentlink" d2l_2p0:link_target="_self" href="/d2l/common/dialogs/quickLink/quickLink.d2l?ou={orgUnitId}&amp;type=quiz&amp;rcode=D2L_Academ-51431" title="" />
        <resource identifier="RES_CONTENT_1029171" type="webcontent" d2l_2p0:material_type="contentlink" d2l_2p0:link_target="_self" href="https://content.byui.edu/integ/gen/a055e079-72ea-4505-908d-984d4a7f1a5b/0/aboutGrades.html" title="" />
        <resource identifier="RES_CONTENT_1029172" type="webcontent" d2l_2p0:material_type="contentlink" d2l_2p0:link_target="_self" href="https://content.byui.edu/integ/gen/a055e079-72ea-4505-908d-984d4a7f1a5b/0/aboutUserProgress.html" title="" />
        <resource identifier="RES_CONTENT_1029173" type="webcontent" d2l_2p0:material_type="contentlink" d2l_2p0:link_target="_self" href="https://content.byui.edu/integ/gen/a055e079-72ea-4505-908d-984d4a7f1a5b/0/conclusion.html" title="" />
        <resource identifier="RES_CONTENT_1029174" type="webcontent" d2l_2p0:material_type="contentlink" d2l_2p0:link_target="_self" href="https://content.byui.edu/integ/gen/a055e079-72ea-4505-908d-984d4a7f1a5b/0/iLearn3tutorials.html" title="" />
        <resource identifier="RES_CONTENT_1025016" type="webcontent" d2l_2p0:material_type="contentmodule" d2l_2p0:link_target="" href="" title="" />
        <resource identifier="RES_CONTENT_1099406" type="webcontent" d2l_2p0:material_type="content" d2l_2p0:link_target="" href="Course Files\L01 Lesson Notes.html" title="" />
        <resource identifier="RES_CONTENT_1099403" type="webcontent" d2l_2p0:material_type="contentlink" d2l_2p0:link_target="_self" href="/d2l/common/dialogs/quickLink/quickLink.d2l?ou={orgUnitId}&amp;type=discuss&amp;rcode=byui_produ-156341" title="" />
        <resource identifier="RES_CONTENT_1025019" type="webcontent" d2l_2p0:material_type="content" d2l_2p0:link_target="" href="Course Files\L00 Introduction and Instructions.html" title="" />
        <resource identifier="RES_CONTENT_1104645" type="webcontent" d2l_2p0:material_type="contentlink" d2l_2p0:link_target="_self" href="https://content.byui.edu/integ/gen/d24f576f-d34b-47be-a466-d00bd4792fb6/0/orientation.html" title="" />
        <resource identifier="RES_CONTENT_1025020" type="webcontent" d2l_2p0:material_type="contentmodule" d2l_2p0:link_target="" href="" title="" />
        <resource identifier="RES_CONTENT_1047837" type="webcontent" d2l_2p0:material_type="content" d2l_2p0:link_target="" href="Course Files\L02 Lesson Notes.html" title="" />
        <resource identifier="RES_CONTENT_1047828" type="webcontent" d2l_2p0:material_type="contentlink" d2l_2p0:link_target="_self" href="/d2l/common/dialogs/quickLink/quickLink.d2l?ou={orgUnitId}&amp;type=discuss&amp;rcode=byui_produ-156340" title="" />
        <resource identifier="RES_CONTENT_1025022" type="webcontent" d2l_2p0:material_type="content" d2l_2p0:link_target="" href="Course Files\L01 Introduction and Instructions.html" title="" />
        <resource identifier="RES_CONTENT_1047825" type="webcontent" d2l_2p0:material_type="content" d2l_2p0:link_target="" href="Course Files\L02.01 Paper 1 - Instructions.html" title="" />
        <resource identifier="RES_CONTENT_1025023" type="webcontent" d2l_2p0:material_type="contentlink" d2l_2p0:link_target="" href="/d2l/common/dialogs/quickLink/quickLink.d2l?ou={orgUnitId}&amp;type=dropbox&amp;rCode=byui_produ-18870" title="" />
        <resource identifier="RES_CONTENT_1025024" type="webcontent" d2l_2p0:material_type="contentmodule" d2l_2p0:link_target="" href="" title="" />
        <resource identifier="RES_CONTENT_1047843" type="webcontent" d2l_2p0:material_type="content" d2l_2p0:link_target="" href="Course Files\L03 Lesson Notes.html" title="" />
        <resource identifier="RES_CONTENT_1047844" type="webcontent" d2l_2p0:material_type="contentlink" d2l_2p0:link_target="_self" href="/d2l/common/dialogs/quickLink/quickLink.d2l?ou={orgUnitId}&amp;type=discuss&amp;rcode=byui_produ-156340" title="" />
        <resource identifier="RES_CONTENT_1025026" type="webcontent" d2l_2p0:material_type="content" d2l_2p0:link_target="" href="Course Files\L02 Introduction and Instructions.html" title="" />
        <resource identifier="RES_CONTENT_1025027" type="webcontent" d2l_2p0:material_type="content" d2l_2p0:link_target="" href="Course Files\Quiz 1.html" title="" />
        <resource identifier="RES_CONTENT_1025028" type="webcontent" d2l_2p0:material_type="contentmodule" d2l_2p0:link_target="" href="" title="" />
        <resource identifier="RES_CONTENT_1047846" type="webcontent" d2l_2p0:material_type="content" d2l_2p0:link_target="" href="Course Files\L04 Lesson Notes.html" title="" />
        <resource identifier="RES_CONTENT_1047845" type="webcontent" d2l_2p0:material_type="contentlink" d2l_2p0:link_target="_self" href="/d2l/common/dialogs/quickLink/quickLink.d2l?ou={orgUnitId}&amp;type=discuss&amp;rcode=byui_produ-156340" title="" />
        <resource identifier="RES_CONTENT_1025030" type="webcontent" d2l_2p0:material_type="content" d2l_2p0:link_target="" href="Course Files\L03 Introduction and Instructions.html" title="" />
        <resource identifier="RES_CONTENT_1099554" type="webcontent" d2l_2p0:material_type="content" d2l_2p0:link_target="" href="Course Files\L04.01 Paper 2 Instructions.html" title="" />
        <resource identifier="RES_CONTENT_1025031" type="webcontent" d2l_2p0:material_type="contentlink" d2l_2p0:link_target="" href="/d2l/common/dialogs/quickLink/quickLink.d2l?ou={orgUnitId}&amp;type=dropbox&amp;rCode=byui_produ-18877" title="" />
        <resource identifier="RES_CONTENT_1025032" type="webcontent" d2l_2p0:material_type="content" d2l_2p0:link_target="" href="Course Files\Quiz 2.html" title="" />
        <resource identifier="RES_CONTENT_1025033" type="webcontent" d2l_2p0:material_type="contentmodule" d2l_2p0:link_target="" href="" title="" />
        <resource identifier="RES_CONTENT_1047852" type="webcontent" d2l_2p0:material_type="content" d2l_2p0:link_target="" href="Course Files\L05 Lesson Notes.html" title="" />
        <resource identifier="RES_CONTENT_1047849" type="webcontent" d2l_2p0:material_type="contentlink" d2l_2p0:link_target="_self" href="/d2l/common/dialogs/quickLink/quickLink.d2l?ou={orgUnitId}&amp;type=discuss&amp;rcode=byui_produ-156340" title="" />
        <resource identifier="RES_CONTENT_1025035" type="webcontent" d2l_2p0:material_type="content" d2l_2p0:link_target="" href="Course Files\L04 Introduction and Instructions.html" title="" />
        <resource identifier="RES_CONTENT_1025036" type="webcontent" d2l_2p0:material_type="content" d2l_2p0:link_target="" href="Course Files\Exam 1.html" title="" />
        <resource identifier="RES_CONTENT_1025037" type="webcontent" d2l_2p0:material_type="contentmodule" d2l_2p0:link_target="" href="" title="" />
        <resource identifier="RES_CONTENT_1047856" type="webcontent" d2l_2p0:material_type="content" d2l_2p0:link_target="" href="Course Files\L06 Lesson Notes.html" title="" />
        <resource identifier="RES_CONTENT_1047853" type="webcontent" d2l_2p0:material_type="contentlink" d2l_2p0:link_target="_self" href="/d2l/common/dialogs/quickLink/quickLink.d2l?ou={orgUnitId}&amp;type=discuss&amp;rcode=byui_produ-156340" title="" />
        <resource identifier="RES_CONTENT_1025039" type="webcontent" d2l_2p0:material_type="content" d2l_2p0:link_target="" href="Course Files\L05 Introduction and Instructions.html" title="" />
        <resource identifier="RES_CONTENT_1025040" type="webcontent" d2l_2p0:material_type="content" d2l_2p0:link_target="" href="Course Files\Quiz 3.html" title="" />
        <resource identifier="RES_CONTENT_1099628" type="webcontent" d2l_2p0:material_type="contentlink" d2l_2p0:link_target="_self" href="/d2l/common/dialogs/quickLink/quickLink.d2l?ou={orgUnitId}&amp;type=quiz&amp;rcode=byui_produ-156568" title="" />
        <resource identifier="RES_CONTENT_1025041" type="webcontent" d2l_2p0:material_type="contentmodule" d2l_2p0:link_target="" href="" title="" />
        <resource identifier="RES_CONTENT_1047867" type="webcontent" d2l_2p0:material_type="content" d2l_2p0:link_target="" href="Course Files\L07 Lesson Notes.html" title="" />
        <resource identifier="RES_CONTENT_1047866" type="webcontent" d2l_2p0:material_type="contentlink" d2l_2p0:link_target="_self" href="/d2l/common/dialogs/quickLink/quickLink.d2l?ou={orgUnitId}&amp;type=discuss&amp;rcode=byui_produ-156340" title="" />
        <resource identifier="RES_CONTENT_1025043" type="webcontent" d2l_2p0:material_type="content" d2l_2p0:link_target="" href="Course Files\L06 Introduction and Instruction.html" title="" />
        <resource identifier="RES_CONTENT_1099605" type="webcontent" d2l_2p0:material_type="content" d2l_2p0:link_target="" href="Course Files\L07.01 Paper 3 Instructions.html" title="" />
        <resource identifier="RES_CONTENT_1025044" type="webcontent" d2l_2p0:material_type="contentlink" d2l_2p0:link_target="" href="/d2l/common/dialogs/quickLink/quickLink.d2l?ou={orgUnitId}&amp;type=dropbox&amp;rCode=byui_produ-18890" title="" />
        <resource identifier="RES_CONTENT_1025045" type="webcontent" d2l_2p0:material_type="content" d2l_2p0:link_target="" href="Course Files\Quiz 4.html" title="" />
        <resource identifier="RES_CONTENT_1025047" type="webcontent" d2l_2p0:material_type="contentmodule" d2l_2p0:link_target="" href="" title="" />
        <resource identifier="RES_CONTENT_1047871" type="webcontent" d2l_2p0:material_type="content" d2l_2p0:link_target="" href="Course Files\L08 Lesson Notes.html" title="" />
        <resource identifier="RES_CONTENT_1047870" type="webcontent" d2l_2p0:material_type="contentlink" d2l_2p0:link_target="_self" href="/d2l/common/dialogs/quickLink/quickLink.d2l?ou={orgUnitId}&amp;type=discuss&amp;rcode=byui_produ-156340" title="" />
        <resource identifier="RES_CONTENT_1025049" type="webcontent" d2l_2p0:material_type="content" d2l_2p0:link_target="" href="Course Files\L07 Introduction and Instruction.html" title="" />
        <resource identifier="RES_CONTENT_1025050" type="webcontent" d2l_2p0:material_type="content" d2l_2p0:link_target="" href="Course Files\Exam 2.html" title="" />
        <resource identifier="RES_CONTENT_1025051" type="webcontent" d2l_2p0:material_type="contentmodule" d2l_2p0:link_target="" href="" title="" />
        <resource identifier="RES_CONTENT_1047873" type="webcontent" d2l_2p0:material_type="content" d2l_2p0:link_target="" href="Course Files\L09 Lesson Notes.html" title="" />
        <resource identifier="RES_CONTENT_1047872" type="webcontent" d2l_2p0:material_type="contentlink" d2l_2p0:link_target="_self" href="/d2l/common/dialogs/quickLink/quickLink.d2l?ou={orgUnitId}&amp;type=discuss&amp;rcode=byui_produ-156340" title="" />
        <resource identifier="RES_CONTENT_1025053" type="webcontent" d2l_2p0:material_type="content" d2l_2p0:link_target="" href="Course Files\L08 Introduction and Instruction.html" title="" />
        <resource identifier="RES_CONTENT_1099651" type="webcontent" d2l_2p0:material_type="content" d2l_2p0:link_target="" href="Course Files\L09.01 Paper 4 Instructions.html" title="" />
        <resource identifier="RES_CONTENT_1025054" type="webcontent" d2l_2p0:material_type="contentlink" d2l_2p0:link_target="" href="/d2l/common/dialogs/quickLink/quickLink.d2l?ou={orgUnitId}&amp;type=dropbox&amp;rCode=byui_produ-18900" title="" />
        <resource identifier="RES_CONTENT_1025055" type="webcontent" d2l_2p0:material_type="content" d2l_2p0:link_target="" href="Course Files\Quiz 5.html" title="" />
        <resource identifier="RES_CONTENT_1025056" type="webcontent" d2l_2p0:material_type="contentmodule" d2l_2p0:link_target="" href="" title="" />
        <resource identifier="RES_CONTENT_1047878" type="webcontent" d2l_2p0:material_type="content" d2l_2p0:link_target="" href="Course Files\L10 Lesson Notes.html" title="" />
        <resource identifier="RES_CONTENT_1047876" type="webcontent" d2l_2p0:material_type="contentlink" d2l_2p0:link_target="_self" href="/d2l/common/dialogs/quickLink/quickLink.d2l?ou={orgUnitId}&amp;type=discuss&amp;rcode=byui_produ-156340" title="" />
        <resource identifier="RES_CONTENT_1025058" type="webcontent" d2l_2p0:material_type="content" d2l_2p0:link_target="" href="Course Files\L09 Introduction and Instruction.html" title="" />
        <resource identifier="RES_CONTENT_1025059" type="webcontent" d2l_2p0:material_type="content" d2l_2p0:link_target="" href="Course Files\Quiz 6.html" title="" />
        <resource identifier="RES_CONTENT_1025060" type="webcontent" d2l_2p0:material_type="contentmodule" d2l_2p0:link_target="" href="" title="" />
        <resource identifier="RES_CONTENT_1047880" type="webcontent" d2l_2p0:material_type="content" d2l_2p0:link_target="" href="Course Files\L11 Lesson Notes.html" title="" />
        <resource identifier="RES_CONTENT_1047879" type="webcontent" d2l_2p0:material_type="contentlink" d2l_2p0:link_target="_self" href="/d2l/common/dialogs/quickLink/quickLink.d2l?ou={orgUnitId}&amp;type=discuss&amp;rcode=byui_produ-156340" title="" />
        <resource identifier="RES_CONTENT_1025062" type="webcontent" d2l_2p0:material_type="content" d2l_2p0:link_target="" href="Course Files\L10 Introduction and Instructions.html" title="" />
        <resource identifier="RES_CONTENT_1025063" type="webcontent" d2l_2p0:material_type="content" d2l_2p0:link_target="" href="Course Files\Exam 3.html" title="" />
        <resource identifier="RES_CONTENT_1025064" type="webcontent" d2l_2p0:material_type="contentmodule" d2l_2p0:link_target="" href="" title="" />
        <resource identifier="RES_CONTENT_1047888" type="webcontent" d2l_2p0:material_type="content" d2l_2p0:link_target="" href="Course Files\L12 Lesson Notes.html" title="" />
        <resource identifier="RES_CONTENT_1047886" type="webcontent" d2l_2p0:material_type="contentlink" d2l_2p0:link_target="_self" href="/d2l/common/dialogs/quickLink/quickLink.d2l?ou={orgUnitId}&amp;type=discuss&amp;rcode=byui_produ-156340" title="" />
        <resource identifier="RES_CONTENT_1025066" type="webcontent" d2l_2p0:material_type="content" d2l_2p0:link_target="" href="Course Files\L11 Introduction and Instruction.html" title="" />
        <resource identifier="RES_CONTENT_1025067" type="webcontent" d2l_2p0:material_type="content" d2l_2p0:link_target="" href="Course Files\Quiz 7.html" title="" />
        <resource identifier="RES_CONTENT_1025068" type="webcontent" d2l_2p0:material_type="contentmodule" d2l_2p0:link_target="" href="" title="" />
        <resource identifier="RES_CONTENT_1047890" type="webcontent" d2l_2p0:material_type="content" d2l_2p0:link_target="" href="Course Files\L13 Lesson Notes.html" title="" />
        <resource identifier="RES_CONTENT_1047889" type="webcontent" d2l_2p0:material_type="contentlink" d2l_2p0:link_target="_self" href="/d2l/common/dialogs/quickLink/quickLink.d2l?ou={orgUnitId}&amp;type=discuss&amp;rcode=byui_produ-156340" title="" />
        <resource identifier="RES_CONTENT_1025070" type="webcontent" d2l_2p0:material_type="content" d2l_2p0:link_target="" href="Course Files\L12 Introduction and Instruction.html" title="" />
        <resource identifier="RES_CONTENT_1099717" type="webcontent" d2l_2p0:material_type="content" d2l_2p0:link_target="" href="Course Files\L13.01 Network Design Paper Instructions.html" title="" />
        <resource identifier="RES_CONTENT_1025071" type="webcontent" d2l_2p0:material_type="contentlink" d2l_2p0:link_target="" href="/d2l/common/dialogs/quickLink/quickLink.d2l?ou={orgUnitId}&amp;type=dropbox&amp;rCode=byui_produ-18917" title="" />
        <resource identifier="RES_CONTENT_1025072" type="webcontent" d2l_2p0:material_type="contentlink" d2l_2p0:link_target="_blank" href="http://abish.byui.edu/berg/evaluation/select.cfm" title="" />
        <resource identifier="RES_CONTENT_1025073" type="webcontent" d2l_2p0:material_type="contentmodule" d2l_2p0:link_target="" href="" title="" />
        <resource identifier="RES_CONTENT_1047892" type="webcontent" d2l_2p0:material_type="content" d2l_2p0:link_target="" href="Course Files\L14 Lesson Notes.html" title="" />
        <resource identifier="RES_CONTENT_1047891" type="webcontent" d2l_2p0:material_type="contentlink" d2l_2p0:link_target="_self" href="/d2l/common/dialogs/quickLink/quickLink.d2l?ou={orgUnitId}&amp;type=discuss&amp;rcode=byui_produ-156340" title="" />
        <resource identifier="RES_CONTENT_1025075" type="webcontent" d2l_2p0:material_type="content" d2l_2p0:link_target="" href="Course Files\Final Exam.html" title="" />
        <resource identifier="RES_CONTENT_1025002" type="webcontent" d2l_2p0:material_type="contentmodule" d2l_2p0:link_target="" href="" title="" />
        <resource identifier="RES_CONTENT_1041862" type="webcontent" d2l_2p0:material_type="contentlink" d2l_2p0:link_target="_self" href="https://content.byui.edu/integ/gen/8872d2b2-91d5-4953-a357-3097ef2aa5d0/0/libraryresearchguide.html" title="" />
        <resource identifier="RES_CONTENT_1041866" type="webcontent" d2l_2p0:material_type="contentlink" d2l_2p0:link_target="_self" href="https://content.byui.edu/integ/gen/8872d2b2-91d5-4953-a357-3097ef2aa5d0/0/academicsupcenter.html" title="" />
        <resource identifier="RES_CONTENT_1042030" type="webcontent" d2l_2p0:material_type="contentlink" d2l_2p0:link_target="_blank" href="https://docs.google.com/spreadsheets/d/11KwC-3R1AgZYDBCL0kqDGLWxlJJqZVAo0ySIuRGkRg8/edit#gid=0" title="" />
        <resource identifier="res_syllabus" type="webcontent" d2l_2p0:material_type="d2lsyllabus" d2l_2p0:link_target="" href="syllabus_d2l.xml" title="" />
        <resource identifier="res_question_library" type="webcontent" d2l_2p0:material_type="d2lquestionlibrary" d2l_2p0:link_target="" href="questiondb.xml" title="Question Library" />
        <resource identifier="res_quiz_181858" type="webcontent" d2l_2p0:material_type="d2lquiz" d2l_2p0:link_target="" href="quiz_d2l_181858.xml" title="L06.02 Mid-Course Evaluation" />
        <resource identifier="res_quiz_170011" type="webcontent" d2l_2p0:material_type="d2lquiz" d2l_2p0:link_target="" href="quiz_d2l_170011.xml" title="Simulation Quiz" />
    </resources>
</manifest>