﻿<?xml version="1.0" encoding="UTF-8"?><questestinterop><objectbank ident="QLIB_61928" xmlns:d2l_2p0="http://desire2learn.com/xsd/d2lcp_v2p0"><section d2l_2p0:id="119" ident="SECT_2972234" title="Mid-Course Feedback"><sectionproc_extension><d2l_2p0:display_section_name>no</d2l_2p0:display_section_name><d2l_2p0:display_section_line>no</d2l_2p0:display_section_line><d2l_2p0:type_display_section>0</d2l_2p0:type_display_section></sectionproc_extension><item d2l_2p0:id="120" ident="OBJ_2972235" label="QUES_1000840_1430484" d2l_2p0:page="1"><itemmetadata><qtimetadata><qti_metadatafield><fieldlabel>qmd_computerscored</fieldlabel><fieldentry>yes</fieldentry></qti_metadatafield><qti_metadatafield><fieldlabel>qmd_questiontype</fieldlabel><fieldentry>Multiple Choice</fieldentry></qti_metadatafield><qti_metadatafield><fieldlabel>qmd_weighting</fieldlabel><fieldentry>1.000000000</fieldentry></qti_metadatafield><qti_metadatafield><fieldlabel>qmd_globalid</fieldlabel><fieldentry>e624a8e5-6f53-47cd-9935-4dd8b8bc74bf</fieldentry></qti_metadatafield><qti_metadatafield><fieldlabel>qmd_displayid</fieldlabel><fieldentry>D2LSIM-CO-e624a8e56f5347cd99354dd8b8bc74bf</fieldentry></qti_metadatafield></qtimetadata></itemmetadata><itemproc_extension><d2l_2p0:difficulty>3</d2l_2p0:difficulty><d2l_2p0:isbonus>no</d2l_2p0:isbonus><d2l_2p0:ismandatory>no</d2l_2p0:ismandatory></itemproc_extension><presentation><flow><material><mattext texttype="text/html">&lt;div&gt;&lt;b&gt;First&lt;/b&gt;, complete and submit the &lt;b&gt;&lt;a href="http://surveydirector.qualtrics.com/SD/?Q_SDID=SD_4UcBxNIM7o9L4tD&amp;amp;CN=$COURSENAME^URL$&amp;amp;CID=$COURSEID^URL$&amp;amp;IE=$INSTRUCTOR_EMAIL^URL$" onclick="window.open('http://surveydirector.qualtrics.com/SD/?Q_SDID=SD_4UcBxNIM7o9L4tD&amp;amp;CN=$COURSENAME^URL$&amp;amp;CID=$COURSEID^URL$&amp;amp;IE=$INSTRUCTOR_EMAIL^URL$','','scrollbars=yes,width=850,height=700');return false;"&gt;mid-course feedback survey&lt;/a&gt;&lt;/b&gt; (will open in a popup window). &lt;br /&gt; &lt;br /&gt; &lt;b&gt;Second&lt;/b&gt;, indicate whether or not you provided your mid-course feedback by using the link above (so you can receive credit if your course provides points for submitting mid-course feedback). Then click 'Submit' in the lower right corner to complete this activity. &lt;br /&gt; I completed the mid-course feedback survey:&lt;/div&gt;</mattext></material><response_extension><d2l_2p0:display_style>2</d2l_2p0:display_style><d2l_2p0:enumeration>5</d2l_2p0:enumeration><d2l_2p0:grading_type>0</d2l_2p0:grading_type></response_extension><response_lid ident="QUES_1000840_1430484_LID" rcardinality="Single"><render_choice shuffle="no"><flow_label class="Block"><response_label ident="QUES_1000840_1430484_A4719402"><flow_mat><material><mattext texttype="text/html">&lt;p&gt;Yes&lt;/p&gt;</mattext></material></flow_mat></response_label></flow_label><flow_label class="Block"><response_label ident="QUES_1000840_1430484_A4719403"><flow_mat><material><mattext texttype="text/html">&lt;p&gt;No&lt;/p&gt;</mattext></material></flow_mat></response_label></flow_label></render_choice></response_lid></flow></presentation><resprocessing><respcondition title="Response Condition 1"><conditionvar><varequal respident="QUES_1000840_1430484_LID">QUES_1000840_1430484_A4719402</varequal></conditionvar><setvar action="Set">100.000000000</setvar><displayfeedback feedbacktype="Response" linkrefid="QUES_1000840_1430484_IF4719402" /></respcondition><respcondition title="Response Condition 2"><conditionvar><varequal respident="QUES_1000840_1430484_LID">QUES_1000840_1430484_A4719403</varequal></conditionvar><setvar action="Set">0.000000000</setvar><displayfeedback feedbacktype="Response" linkrefid="QUES_1000840_1430484_IF4719403" /></respcondition></resprocessing><itemfeedback ident="QUES_1000840_1430484_IF4719402"><material><mattext texttype="text/html" /></material></itemfeedback><itemfeedback ident="QUES_1000840_1430484_IF4719403"><material><mattext texttype="text/html" /></material></itemfeedback></item></section></objectbank></questestinterop>