﻿<?xml version="1.0" encoding="UTF-8"?><questestinterop xmlns:d2l_2p0="http://desire2learn.com/xsd/d2lcp_v2p0"><assessment d2l_2p0:id="122" title="Simulation Quiz" ident="res_quiz_170011" d2l_2p0:resource_code="byui_produ-156154,byui_produ-156566,byui_produ-315902,byui_produ-316492,byui_produ-323911,byui_produ-324464,byui_produ-329427,byui_produ-345330,byui_produ-34940,byui_produ-366062,byui_produ-369642,byui_produ-385978,byui_produ-386698,byui_produ-393031,byui_produ-67896,byui_produ-67938,byui_produ-71257,byui_produ-71409,byui_produ-91046,byui_produ-91053,byui_produ-91059,byui_produ-91065,byui_produ-91112,byui_produ-91196,byui_produ-91204,byui_produ-91539,byui_produ-91742,byui_produ-91750,byui_produ-91757,byui_produ-91970,byui_produ-92120,byui_produ-92127,byui_produ-92135,byui_produ-92141,byui_produ-92147,byui_produ-92210,byui_produ-92221,byui_produ-92232,byui_produ-92239,byui_produ-92279,byui_produ-92287,byui_produ-92294,byui_produ-92300,byui_produ-92317,byui_produ-92336,byui_produ-92464,byui_produ-93061,byui_produ-93611,byui_produ-93617,byui_produ-93623,byui_produ-93629,byui_produ-93635,byui_produ-93641,byui_produ-93647,byui_produ-93658,byui_produ-93664,byui_produ-93670,byui_produ-93676,byui_produ-93682,byui_produ-93821,byui_produ-93833,byui_produ-93840,byui_produ-93850,byui_produ-93857,byui_produ-93865,byui_produ-93872,byui_produ-93878,byui_produ-93884,byui_produ-93890,byui_produ-93898,byui_produ-93904,byui_produ-93911,byui_produ-98722,D2L_Academ-51431"><rubric><flow_mat><material><mattext d2l_2p0:isdisplayed="yes" texttype="text/html">&lt;p&gt;&lt;span style="font-size: 10pt;"&gt;You are about to take a Simulation Quiz. &lt;/span&gt;&lt;span style="font-size: 10pt;"&gt;This is your opportunity to practice.&lt;/span&gt;&lt;/p&gt;
&lt;p&gt;&lt;span style="font-size: 10pt;"&gt;Don't take it too seriously! When you are done the quiz please return to the content tool accessible using the navigation bar.&lt;/span&gt;&lt;/p&gt;</mattext></material></flow_mat></rubric><assessmentcontrol hintswitch="no" solutionswitch="yes" feedbackswitch="no" /><presentation_material><flow_mat><material label="page header"><mattext d2l_2p0:isdisplayed="no" texttype="text/html" /></material><material label="page footer"><mattext d2l_2p0:isdisplayed="no" texttype="text/html" /></material></flow_mat></presentation_material><assess_procextension><d2l_2p0:intro_message d2l_2p0:isdisplayed="no" texttype="text/html">&lt;p&gt;You are about to take a Simulation Quiz. This is your opportunity to practice. When you are done the quiz please return to the content tool accessible using the navigation bar.&lt;/p&gt;</d2l_2p0:intro_message><category ident="26018" d2l_2p0:sortorder="1">Simulation</category><d2l_2p0:disable_right_click>no</d2l_2p0:disable_right_click><d2l_2p0:disable_pager_access>no</d2l_2p0:disable_pager_access><is_active>yes</is_active><d2l_2p0:date_start /><d2l_2p0:date_end /><d2l_2p0:has_schedule_event>no</d2l_2p0:has_schedule_event><d2l_2p0:is_attempt_Rldb>no</d2l_2p0:is_attempt_Rldb><d2l_2p0:is_subview_Rldb>no</d2l_2p0:is_subview_Rldb><d2l_2p0:time_limit>120</d2l_2p0:time_limit><d2l_2p0:show_clock>no</d2l_2p0:show_clock><d2l_2p0:enforce_time_limit>no</d2l_2p0:enforce_time_limit><d2l_2p0:grace_period>5</d2l_2p0:grace_period><d2l_2p0:late_limit>0</d2l_2p0:late_limit><d2l_2p0:attempts_allowed>0</d2l_2p0:attempts_allowed><d2l_2p0:attempt_restrictions /><d2l_2p0:mark_calculation_type>1</d2l_2p0:mark_calculation_type><d2l_2p0:is_forward_only>no</d2l_2p0:is_forward_only></assess_procextension><assessfeedback title=""><rubric><flow_mat><material><mattext texttype="yes">Your quiz has been submitted successfully.</mattext></material></flow_mat></rubric><d2l_2p0:duration>0</d2l_2p0:duration><d2l_2p0:response_display_type_id>1</d2l_2p0:response_display_type_id><d2l_2p0:show_correct_answers>no</d2l_2p0:show_correct_answers><d2l_2p0:submission_restrictip>no</d2l_2p0:submission_restrictip><d2l_2p0:show_class_average>no</d2l_2p0:show_class_average><d2l_2p0:show_score_distribution>no</d2l_2p0:show_score_distribution></assessfeedback><assessfeedback title="Student View 2"><rubric><flow_mat><material><mattext texttype="yes" /></material></flow_mat></rubric><release_date><d2l_2p0:timestamp><d2l_2p0:month>8</d2l_2p0:month><d2l_2p0:day>25</d2l_2p0:day><d2l_2p0:year>2014</d2l_2p0:year><d2l_2p0:hour>17</d2l_2p0:hour><d2l_2p0:minutes>8</d2l_2p0:minutes><d2l_2p0:seconds>0</d2l_2p0:seconds></d2l_2p0:timestamp></release_date><d2l_2p0:duration>0</d2l_2p0:duration><d2l_2p0:response_display_type_id>2</d2l_2p0:response_display_type_id><d2l_2p0:show_correct_answers>yes</d2l_2p0:show_correct_answers><d2l_2p0:submission_restrictip>no</d2l_2p0:submission_restrictip><d2l_2p0:show_class_average>no</d2l_2p0:show_class_average><d2l_2p0:show_score_distribution>no</d2l_2p0:show_score_distribution></assessfeedback><section ident="CONTAINER_SECTION"><item ident="OBJ_2981276" label="QUES_152722_412672" d2l_2p0:page="1"><itemmetadata><qtimetadata><qti_metadatafield><fieldlabel>qmd_computerscored</fieldlabel><fieldentry>yes</fieldentry></qti_metadatafield><qti_metadatafield><fieldlabel>qmd_questiontype</fieldlabel><fieldentry>True/False</fieldentry></qti_metadatafield><qti_metadatafield><fieldlabel>qmd_weighting</fieldlabel><fieldentry>1.000000000</fieldentry></qti_metadatafield><qti_metadatafield><fieldlabel>qmd_globalid</fieldlabel><fieldentry>995204ea-f541-4b35-8d3e-155535df3a82</fieldentry></qti_metadatafield><qti_metadatafield><fieldlabel>qmd_displayid</fieldlabel><fieldentry>D2LSIM-CO-9</fieldentry></qti_metadatafield></qtimetadata></itemmetadata><itemproc_extension><d2l_2p0:difficulty>1</d2l_2p0:difficulty><d2l_2p0:isbonus>no</d2l_2p0:isbonus><d2l_2p0:ismandatory>no</d2l_2p0:ismandatory></itemproc_extension><presentation><flow><material><mattext texttype="text/html">&lt;p&gt;BYU-Idaho was founded in 1881.&lt;/p&gt;</mattext></material><response_extension><d2l_2p0:display_style>2</d2l_2p0:display_style><d2l_2p0:enumeration>6</d2l_2p0:enumeration><d2l_2p0:grading_type>0</d2l_2p0:grading_type></response_extension><response_lid ident="QUES_152722_412672_LID" rcardinality="Single"><render_choice shuffle="no"><flow_label class="Block"><response_label ident="QUES_152722_412672_A1253105"><flow_mat><material><mattext texttype="text/plain">True</mattext></material></flow_mat></response_label></flow_label><flow_label class="Block"><response_label ident="QUES_152722_412672_A1253106"><flow_mat><material><mattext texttype="text/plain">False</mattext></material></flow_mat></response_label></flow_label></render_choice></response_lid></flow></presentation><resprocessing><respcondition title="Response Condition 1"><conditionvar><varequal respident="QUES_152722_412672_LID">QUES_152722_412672_A1253105</varequal></conditionvar><setvar action="Set">0.000000000</setvar><displayfeedback feedbacktype="Response" linkrefid="QUES_152722_412672_IF1253105" /></respcondition><respcondition title="Response Condition 2"><conditionvar><varequal respident="QUES_152722_412672_LID">QUES_152722_412672_A1253106</varequal></conditionvar><setvar action="Set">100.000000000</setvar><displayfeedback feedbacktype="Response" linkrefid="QUES_152722_412672_IF1253106" /></respcondition></resprocessing><itemfeedback ident="QUES_152722_412672_IF1253105"><material><mattext texttype="text/html" /></material></itemfeedback><itemfeedback ident="QUES_152722_412672_IF1253106"><material><mattext texttype="text/html" /></material></itemfeedback></item><item ident="OBJ_2981277" label="QUES_152723_412676" d2l_2p0:page="1"><itemmetadata><qtimetadata><qti_metadatafield><fieldlabel>qmd_computerscored</fieldlabel><fieldentry>yes</fieldentry></qti_metadatafield><qti_metadatafield><fieldlabel>qmd_questiontype</fieldlabel><fieldentry>Multiple Choice</fieldentry></qti_metadatafield><qti_metadatafield><fieldlabel>qmd_weighting</fieldlabel><fieldentry>1.000000000</fieldentry></qti_metadatafield><qti_metadatafield><fieldlabel>qmd_globalid</fieldlabel><fieldentry>54e92f71-a948-44f1-83d1-de542e246c20</fieldentry></qti_metadatafield><qti_metadatafield><fieldlabel>qmd_displayid</fieldlabel><fieldentry>D2LSIM-CO-39</fieldentry></qti_metadatafield></qtimetadata></itemmetadata><itemproc_extension><d2l_2p0:difficulty>1</d2l_2p0:difficulty><d2l_2p0:isbonus>no</d2l_2p0:isbonus><d2l_2p0:ismandatory>no</d2l_2p0:ismandatory></itemproc_extension><presentation><flow><material><mattext texttype="text/html">&lt;p&gt;Which of the following national parks is nearest BYU-Idaho?&lt;/p&gt;</mattext></material><response_extension><d2l_2p0:display_style>2</d2l_2p0:display_style><d2l_2p0:enumeration>6</d2l_2p0:enumeration><d2l_2p0:grading_type>0</d2l_2p0:grading_type></response_extension><response_lid ident="QUES_152723_412676_LID" rcardinality="Single"><render_choice shuffle="no"><flow_label class="Block"><response_label ident="QUES_152723_412676_A1253118"><flow_mat><material><mattext texttype="text/html">&lt;p&gt;Great Sand Dunes National Monument&lt;/p&gt;</mattext></material></flow_mat></response_label></flow_label><flow_label class="Block"><response_label ident="QUES_152723_412676_A1253119"><flow_mat><material><mattext texttype="text/html">&lt;p&gt;Yellowstone National Park&lt;/p&gt;</mattext></material></flow_mat></response_label></flow_label><flow_label class="Block"><response_label ident="QUES_152723_412676_A1253120"><flow_mat><material><mattext texttype="text/html">&lt;p&gt;Glacier National Park&lt;/p&gt;</mattext></material></flow_mat></response_label></flow_label><flow_label class="Block"><response_label ident="QUES_152723_412676_A1253121"><flow_mat><material><mattext texttype="text/html">&lt;p&gt;Yosemite National Park&lt;/p&gt;</mattext></material></flow_mat></response_label></flow_label></render_choice></response_lid></flow></presentation><resprocessing><respcondition title="Response Condition 1"><conditionvar><varequal respident="QUES_152723_412676_LID">QUES_152723_412676_A1253118</varequal></conditionvar><setvar action="Set">0.000000000</setvar><displayfeedback feedbacktype="Response" linkrefid="QUES_152723_412676_IF1253118" /></respcondition><respcondition title="Response Condition 2"><conditionvar><varequal respident="QUES_152723_412676_LID">QUES_152723_412676_A1253119</varequal></conditionvar><setvar action="Set">100.000000000</setvar><displayfeedback feedbacktype="Response" linkrefid="QUES_152723_412676_IF1253119" /></respcondition><respcondition title="Response Condition 3"><conditionvar><varequal respident="QUES_152723_412676_LID">QUES_152723_412676_A1253120</varequal></conditionvar><setvar action="Set">0.000000000</setvar><displayfeedback feedbacktype="Response" linkrefid="QUES_152723_412676_IF1253120" /></respcondition><respcondition title="Response Condition 4"><conditionvar><varequal respident="QUES_152723_412676_LID">QUES_152723_412676_A1253121</varequal></conditionvar><setvar action="Set">0.000000000</setvar><displayfeedback feedbacktype="Response" linkrefid="QUES_152723_412676_IF1253121" /></respcondition></resprocessing><itemfeedback ident="QUES_152723_412676_IF1253118"><material><mattext texttype="text/html" /></material></itemfeedback><itemfeedback ident="QUES_152723_412676_IF1253119"><material><mattext texttype="text/html" /></material></itemfeedback><itemfeedback ident="QUES_152723_412676_IF1253120"><material><mattext texttype="text/html" /></material></itemfeedback><itemfeedback ident="QUES_152723_412676_IF1253121"><material><mattext texttype="text/html" /></material></itemfeedback></item><item ident="OBJ_2981278" label="QUES_152724_412679" d2l_2p0:page="1"><itemmetadata><qtimetadata><qti_metadatafield><fieldlabel>qmd_computerscored</fieldlabel><fieldentry>yes</fieldentry></qti_metadatafield><qti_metadatafield><fieldlabel>qmd_questiontype</fieldlabel><fieldentry>True/False</fieldentry></qti_metadatafield><qti_metadatafield><fieldlabel>qmd_weighting</fieldlabel><fieldentry>1.000000000</fieldentry></qti_metadatafield><qti_metadatafield><fieldlabel>qmd_globalid</fieldlabel><fieldentry>fd281d13-de56-4fec-b97f-ddede4f71047</fieldentry></qti_metadatafield><qti_metadatafield><fieldlabel>qmd_displayid</fieldlabel><fieldentry>D2LSIM-CO-12</fieldentry></qti_metadatafield></qtimetadata></itemmetadata><itemproc_extension><d2l_2p0:difficulty>1</d2l_2p0:difficulty><d2l_2p0:isbonus>no</d2l_2p0:isbonus><d2l_2p0:ismandatory>no</d2l_2p0:ismandatory></itemproc_extension><presentation><flow><material><mattext texttype="text/html">&lt;p style="text-align: left;"&gt;President Clark Gilbert is currently the president of BYU-Idaho.&lt;/p&gt;</mattext></material><response_extension><d2l_2p0:display_style>2</d2l_2p0:display_style><d2l_2p0:enumeration>6</d2l_2p0:enumeration><d2l_2p0:grading_type>0</d2l_2p0:grading_type></response_extension><response_lid ident="QUES_152724_412679_LID" rcardinality="Single"><render_choice shuffle="no"><flow_label class="Block"><response_label ident="QUES_152724_412679_A1253128"><flow_mat><material><mattext texttype="text/plain">True</mattext></material></flow_mat></response_label></flow_label><flow_label class="Block"><response_label ident="QUES_152724_412679_A1253129"><flow_mat><material><mattext texttype="text/plain">False</mattext></material></flow_mat></response_label></flow_label></render_choice></response_lid></flow></presentation><resprocessing><respcondition title="Response Condition 1"><conditionvar><varequal respident="QUES_152724_412679_LID">QUES_152724_412679_A1253128</varequal></conditionvar><setvar action="Set">100.000000000</setvar><displayfeedback feedbacktype="Response" linkrefid="QUES_152724_412679_IF1253128" /></respcondition><respcondition title="Response Condition 2"><conditionvar><varequal respident="QUES_152724_412679_LID">QUES_152724_412679_A1253129</varequal></conditionvar><setvar action="Set">0.000000000</setvar><displayfeedback feedbacktype="Response" linkrefid="QUES_152724_412679_IF1253129" /></respcondition></resprocessing><itemfeedback ident="QUES_152724_412679_IF1253128"><material><mattext texttype="text/html" /></material></itemfeedback><itemfeedback ident="QUES_152724_412679_IF1253129"><material><mattext texttype="text/html" /></material></itemfeedback></item><item ident="OBJ_2981279" label="QUES_152725_412742" d2l_2p0:page="1"><itemmetadata><qtimetadata><qti_metadatafield><fieldlabel>qmd_computerscored</fieldlabel><fieldentry>yes</fieldentry></qti_metadatafield><qti_metadatafield><fieldlabel>qmd_questiontype</fieldlabel><fieldentry>Matching</fieldentry></qti_metadatafield><qti_metadatafield><fieldlabel>qmd_weighting</fieldlabel><fieldentry>1.000000000</fieldentry></qti_metadatafield><qti_metadatafield><fieldlabel>qmd_globalid</fieldlabel><fieldentry>33338d9f-43e0-4921-bacc-9896a2ec0015</fieldentry></qti_metadatafield><qti_metadatafield><fieldlabel>qmd_displayid</fieldlabel><fieldentry>SEANINSTR2013-1</fieldentry></qti_metadatafield></qtimetadata></itemmetadata><itemproc_extension><d2l_2p0:difficulty>1</d2l_2p0:difficulty><d2l_2p0:isbonus>no</d2l_2p0:isbonus><d2l_2p0:ismandatory>no</d2l_2p0:ismandatory></itemproc_extension><presentation><flow><material><mattext texttype="text/html">&lt;p&gt;Match the past&amp;nbsp;presidents of BYU-Idaho/Ricks College with their years of office.&lt;/p&gt;</mattext></material><response_extension><d2l_2p0:grading_type>1</d2l_2p0:grading_type></response_extension><response_grp respident="QUES_152725_412742_C1253355" rcardinality="Single"><material><mattext texttype="text/html">&lt;p&gt;President Kim B. Clark&lt;/p&gt;</mattext></material><render_choice shuffle="yes"><flow_label class="Block"><response_label ident="QUES_152725_412742_M1253351"><flow_mat><material><mattext texttype="text/html">&lt;p&gt;1997 - 2004&lt;/p&gt;</mattext></material></flow_mat></response_label><response_label ident="QUES_152725_412742_M1253352"><flow_mat><material><mattext texttype="text/html">&lt;p&gt;1930 - 1944&lt;/p&gt;</mattext></material></flow_mat></response_label><response_label ident="QUES_152725_412742_M1253353"><flow_mat><material><mattext texttype="text/html">&lt;p&gt;2005 - 2015&lt;/p&gt;</mattext></material></flow_mat></response_label><response_label ident="QUES_152725_412742_M1253354"><flow_mat><material><mattext texttype="text/html">&lt;p&gt;1971 - 1977&lt;/p&gt;</mattext></material></flow_mat></response_label></flow_label></render_choice></response_grp><response_grp respident="QUES_152725_412742_C1253356" rcardinality="Single"><material><mattext texttype="text/html">&lt;p&gt;President Henry B. Eyring&lt;/p&gt;</mattext></material><render_choice shuffle="yes"><flow_label class="Block"><response_label ident="QUES_152725_412742_M1253351"><flow_mat><material><mattext texttype="text/html">&lt;p&gt;1997 - 2004&lt;/p&gt;</mattext></material></flow_mat></response_label><response_label ident="QUES_152725_412742_M1253352"><flow_mat><material><mattext texttype="text/html">&lt;p&gt;1930 - 1944&lt;/p&gt;</mattext></material></flow_mat></response_label><response_label ident="QUES_152725_412742_M1253353"><flow_mat><material><mattext texttype="text/html">&lt;p&gt;2005 - 2015&lt;/p&gt;</mattext></material></flow_mat></response_label><response_label ident="QUES_152725_412742_M1253354"><flow_mat><material><mattext texttype="text/html">&lt;p&gt;1971 - 1977&lt;/p&gt;</mattext></material></flow_mat></response_label></flow_label></render_choice></response_grp><response_grp respident="QUES_152725_412742_C1253357" rcardinality="Single"><material><mattext texttype="text/html">&lt;p&gt;President Hyrum Manwaring&lt;/p&gt;</mattext></material><render_choice shuffle="yes"><flow_label class="Block"><response_label ident="QUES_152725_412742_M1253351"><flow_mat><material><mattext texttype="text/html">&lt;p&gt;1997 - 2004&lt;/p&gt;</mattext></material></flow_mat></response_label><response_label ident="QUES_152725_412742_M1253352"><flow_mat><material><mattext texttype="text/html">&lt;p&gt;1930 - 1944&lt;/p&gt;</mattext></material></flow_mat></response_label><response_label ident="QUES_152725_412742_M1253353"><flow_mat><material><mattext texttype="text/html">&lt;p&gt;2005 - 2015&lt;/p&gt;</mattext></material></flow_mat></response_label><response_label ident="QUES_152725_412742_M1253354"><flow_mat><material><mattext texttype="text/html">&lt;p&gt;1971 - 1977&lt;/p&gt;</mattext></material></flow_mat></response_label></flow_label></render_choice></response_grp><response_grp respident="QUES_152725_412742_C1253358" rcardinality="Single"><material><mattext texttype="text/html">&lt;p&gt;Elder David A. Bednar&lt;/p&gt;</mattext></material><render_choice shuffle="yes"><flow_label class="Block"><response_label ident="QUES_152725_412742_M1253351"><flow_mat><material><mattext texttype="text/html">&lt;p&gt;1997 - 2004&lt;/p&gt;</mattext></material></flow_mat></response_label><response_label ident="QUES_152725_412742_M1253352"><flow_mat><material><mattext texttype="text/html">&lt;p&gt;1930 - 1944&lt;/p&gt;</mattext></material></flow_mat></response_label><response_label ident="QUES_152725_412742_M1253353"><flow_mat><material><mattext texttype="text/html">&lt;p&gt;2005 - 2015&lt;/p&gt;</mattext></material></flow_mat></response_label><response_label ident="QUES_152725_412742_M1253354"><flow_mat><material><mattext texttype="text/html">&lt;p&gt;1971 - 1977&lt;/p&gt;</mattext></material></flow_mat></response_label></flow_label></render_choice></response_grp></flow></presentation><resprocessing><outcomes><decvar vartype="Integer" defaultval="0" varname="D2L_Correct" minvalue="0" maxvalue="100" /><decvar vartype="Integer" defaultval="0" varname="D2L_Incorrect" minvalue="0" maxvalue="100" /><decvar vartype="Decimal" defaultval="0" varname="que_score" minvalue="0" maxvalue="100" /></outcomes><respcondition><conditionvar><varequal respident="QUES_152725_412742_C1253355">QUES_152725_412742_M1253351</varequal></conditionvar><setvar varname="D2L_Incorrect" action="Add">1</setvar></respcondition><respcondition><conditionvar><varequal respident="QUES_152725_412742_C1253355">QUES_152725_412742_M1253352</varequal></conditionvar><setvar varname="D2L_Incorrect" action="Add">1</setvar></respcondition><respcondition><conditionvar><varequal respident="QUES_152725_412742_C1253355">QUES_152725_412742_M1253353</varequal></conditionvar><setvar varname="D2L_Correct" action="Add">1</setvar></respcondition><respcondition><conditionvar><varequal respident="QUES_152725_412742_C1253355">QUES_152725_412742_M1253354</varequal></conditionvar><setvar varname="D2L_Incorrect" action="Add">1</setvar></respcondition><respcondition><conditionvar><varequal respident="QUES_152725_412742_C1253356">QUES_152725_412742_M1253351</varequal></conditionvar><setvar varname="D2L_Incorrect" action="Add">1</setvar></respcondition><respcondition><conditionvar><varequal respident="QUES_152725_412742_C1253356">QUES_152725_412742_M1253352</varequal></conditionvar><setvar varname="D2L_Incorrect" action="Add">1</setvar></respcondition><respcondition><conditionvar><varequal respident="QUES_152725_412742_C1253356">QUES_152725_412742_M1253353</varequal></conditionvar><setvar varname="D2L_Incorrect" action="Add">1</setvar></respcondition><respcondition><conditionvar><varequal respident="QUES_152725_412742_C1253356">QUES_152725_412742_M1253354</varequal></conditionvar><setvar varname="D2L_Correct" action="Add">1</setvar></respcondition><respcondition><conditionvar><varequal respident="QUES_152725_412742_C1253357">QUES_152725_412742_M1253351</varequal></conditionvar><setvar varname="D2L_Incorrect" action="Add">1</setvar></respcondition><respcondition><conditionvar><varequal respident="QUES_152725_412742_C1253357">QUES_152725_412742_M1253352</varequal></conditionvar><setvar varname="D2L_Correct" action="Add">1</setvar></respcondition><respcondition><conditionvar><varequal respident="QUES_152725_412742_C1253357">QUES_152725_412742_M1253353</varequal></conditionvar><setvar varname="D2L_Incorrect" action="Add">1</setvar></respcondition><respcondition><conditionvar><varequal respident="QUES_152725_412742_C1253357">QUES_152725_412742_M1253354</varequal></conditionvar><setvar varname="D2L_Incorrect" action="Add">1</setvar></respcondition><respcondition><conditionvar><varequal respident="QUES_152725_412742_C1253358">QUES_152725_412742_M1253351</varequal></conditionvar><setvar varname="D2L_Correct" action="Add">1</setvar></respcondition><respcondition><conditionvar><varequal respident="QUES_152725_412742_C1253358">QUES_152725_412742_M1253352</varequal></conditionvar><setvar varname="D2L_Incorrect" action="Add">1</setvar></respcondition><respcondition><conditionvar><varequal respident="QUES_152725_412742_C1253358">QUES_152725_412742_M1253353</varequal></conditionvar><setvar varname="D2L_Incorrect" action="Add">1</setvar></respcondition><respcondition><conditionvar><varequal respident="QUES_152725_412742_C1253358">QUES_152725_412742_M1253354</varequal></conditionvar><setvar varname="D2L_Incorrect" action="Add">1</setvar></respcondition><respcondition><conditionvar><vargte respident="D2L_Incorrect">0</vargte></conditionvar><setvar varname="que_score" action="Set">0</setvar></respcondition><respcondition><conditionvar><varequal respident="D2L_Incorrect">0</varequal></conditionvar><setvar varname="que_score" action="Set">1</setvar></respcondition></resprocessing></item><item ident="OBJ_2981280" label="QUES_152726_412692" d2l_2p0:page="1"><itemmetadata><qtimetadata><qti_metadatafield><fieldlabel>qmd_computerscored</fieldlabel><fieldentry>yes</fieldentry></qti_metadatafield><qti_metadatafield><fieldlabel>qmd_questiontype</fieldlabel><fieldentry>True/False</fieldentry></qti_metadatafield><qti_metadatafield><fieldlabel>qmd_weighting</fieldlabel><fieldentry>1.000000000</fieldentry></qti_metadatafield><qti_metadatafield><fieldlabel>qmd_globalid</fieldlabel><fieldentry>ff449906-2d21-4f87-b27c-51fa4a0a452c</fieldentry></qti_metadatafield><qti_metadatafield><fieldlabel>qmd_displayid</fieldlabel><fieldentry>D2LSIM-CO-15</fieldentry></qti_metadatafield></qtimetadata></itemmetadata><itemproc_extension><d2l_2p0:difficulty>1</d2l_2p0:difficulty><d2l_2p0:isbonus>no</d2l_2p0:isbonus><d2l_2p0:ismandatory>no</d2l_2p0:ismandatory></itemproc_extension><presentation><flow><material><mattext texttype="text/html">&lt;p&gt;The BYU-Idaho Learning Model consists of Prepare, Teach One Another, and Ponder and Prove.&lt;/p&gt;</mattext></material><response_extension><d2l_2p0:display_style>2</d2l_2p0:display_style><d2l_2p0:enumeration>6</d2l_2p0:enumeration><d2l_2p0:grading_type>0</d2l_2p0:grading_type></response_extension><response_lid ident="QUES_152726_412692_LID" rcardinality="Single"><render_choice shuffle="no"><flow_label class="Block"><response_label ident="QUES_152726_412692_A1253169"><flow_mat><material><mattext texttype="text/plain">True</mattext></material></flow_mat></response_label></flow_label><flow_label class="Block"><response_label ident="QUES_152726_412692_A1253170"><flow_mat><material><mattext texttype="text/plain">False</mattext></material></flow_mat></response_label></flow_label></render_choice></response_lid></flow></presentation><resprocessing><respcondition title="Response Condition 1"><conditionvar><varequal respident="QUES_152726_412692_LID">QUES_152726_412692_A1253169</varequal></conditionvar><setvar action="Set">100.000000000</setvar><displayfeedback feedbacktype="Response" linkrefid="QUES_152726_412692_IF1253169" /></respcondition><respcondition title="Response Condition 2"><conditionvar><varequal respident="QUES_152726_412692_LID">QUES_152726_412692_A1253170</varequal></conditionvar><setvar action="Set">0.000000000</setvar><displayfeedback feedbacktype="Response" linkrefid="QUES_152726_412692_IF1253170" /></respcondition></resprocessing><itemfeedback ident="QUES_152726_412692_IF1253169"><material><mattext texttype="text/html" /></material></itemfeedback><itemfeedback ident="QUES_152726_412692_IF1253170"><material><mattext texttype="text/html" /></material></itemfeedback></item></section></assessment></questestinterop>