﻿<?xml version="1.0" encoding="UTF-8"?><questestinterop xmlns:d2l_2p0="http://desire2learn.com/xsd/d2lcp_v2p0"><assessment d2l_2p0:id="121" title="L06.02 Mid-Course Evaluation" ident="res_quiz_181858" d2l_2p0:resource_code="byui_produ-156156,byui_produ-156568,byui_produ-21518,byui_produ-2945,byui_produ-315904,byui_produ-316494,byui_produ-323913,byui_produ-324466,byui_produ-329429,byui_produ-339048,byui_produ-68232,byui_produ-71074,byui_produ-90999,byui_produ-91004,byui_produ-91206,byui_produ-92149,byui_produ-92212,byui_produ-92466,byui_produ-93649,byui_produ-93823,byui_produ-93913"><rubric><flow_mat><material><mattext d2l_2p0:isdisplayed="no" texttype="text/html" /></material></flow_mat></rubric><assessmentcontrol hintswitch="no" solutionswitch="yes" feedbackswitch="no" /><presentation_material><flow_mat><material label="page header"><mattext d2l_2p0:isdisplayed="yes" texttype="text/html">&lt;p&gt;&lt;span style="font-size: 1.3em;"&gt; &lt;strong&gt;First&lt;/strong&gt;, complete and submit the &lt;a rel="noopener" href="https://surveydirector.qualtrics.com/SD/?Q_SDID=SD_4UcBxNIM7o9L4tD&amp;amp;UN={UserName}&amp;amp;CN={OrgUnitName}&amp;amp;IE=null&amp;amp;CID={OrgUnitId}&amp;amp;ITID=D2L&amp;amp;ITN=Mid-Course Evaluation" target="_blank"&gt;&lt;strong&gt;Mid-Course Evaluation Survey&lt;/strong&gt;&lt;/a&gt; (will open in a new window)&lt;/span&gt;&lt;/p&gt;
&lt;p&gt;&lt;span style="font-size: 1.3em;"&gt; &lt;strong&gt;Second&lt;/strong&gt;, indicate whether or not you provided your feedback by using the link above (so you can receive credit if your course provides points for submitting survey feedback). Then click 'Go To Submit Quiz' to complete this activity.&lt;/span&gt;&lt;/p&gt;</mattext></material><material label="page footer"><mattext d2l_2p0:isdisplayed="no" texttype="text/html" /></material></flow_mat></presentation_material><assess_procextension><d2l_2p0:intro_message d2l_2p0:isdisplayed="yes" texttype="text/html">&lt;div style="margin: 0px; padding: 0px; min-height: 550px; height: auto !important;"&gt;&lt;iframe src="https://content.byui.edu/file/736307cc-e0bd-4b14-a46a-3a6947d0c9ab/1/Mid-Course%20Feedback%20Instructions%20D2L.html?utm_source={OrgUnitName}&amp;amp;utm_medium=Mid-Course Evaluation&amp;amp;utm_campaign=D2L" width="100%" height="98%" style="margin: 0px;min-height: 550px;border: 0px;padding: 0px;" frameborder="0"&gt;&lt;/iframe&gt;&lt;/div&gt;</d2l_2p0:intro_message><d2l_2p0:disable_right_click>no</d2l_2p0:disable_right_click><d2l_2p0:disable_pager_access>yes</d2l_2p0:disable_pager_access><is_active>yes</is_active><d2l_2p0:date_start /><d2l_2p0:date_end /><d2l_2p0:has_schedule_event>no</d2l_2p0:has_schedule_event><d2l_2p0:is_attempt_Rldb>no</d2l_2p0:is_attempt_Rldb><d2l_2p0:is_subview_Rldb>no</d2l_2p0:is_subview_Rldb><d2l_2p0:time_limit>5</d2l_2p0:time_limit><d2l_2p0:show_clock>no</d2l_2p0:show_clock><d2l_2p0:enforce_time_limit>no</d2l_2p0:enforce_time_limit><d2l_2p0:grace_period>5</d2l_2p0:grace_period><d2l_2p0:late_limit>0</d2l_2p0:late_limit><d2l_2p0:attempts_allowed>0</d2l_2p0:attempts_allowed><d2l_2p0:attempt_restrictions /><d2l_2p0:mark_calculation_type>4</d2l_2p0:mark_calculation_type><d2l_2p0:is_forward_only>yes</d2l_2p0:is_forward_only></assess_procextension><assessfeedback><rubric><flow_mat><material><mattext texttype="no">Your quiz has been submitted successfully.</mattext></material></flow_mat></rubric><d2l_2p0:duration>0</d2l_2p0:duration><d2l_2p0:response_display_type_id>1</d2l_2p0:response_display_type_id><d2l_2p0:show_correct_answers>no</d2l_2p0:show_correct_answers><d2l_2p0:submission_restrictip>no</d2l_2p0:submission_restrictip><d2l_2p0:show_class_average>no</d2l_2p0:show_class_average><d2l_2p0:show_score_distribution>no</d2l_2p0:show_score_distribution></assessfeedback><section ident="CONTAINER_SECTION"><item ident="OBJ_3241676" label="QUES_173016_185674" d2l_2p0:page="1"><itemmetadata><qtimetadata><qti_metadatafield><fieldlabel>qmd_computerscored</fieldlabel><fieldentry>yes</fieldentry></qti_metadatafield><qti_metadatafield><fieldlabel>qmd_questiontype</fieldlabel><fieldentry>Multiple Choice</fieldentry></qti_metadatafield><qti_metadatafield><fieldlabel>qmd_weighting</fieldlabel><fieldentry>1.000000000</fieldentry></qti_metadatafield><qti_metadatafield><fieldlabel>qmd_globalid</fieldlabel><fieldentry>cb41b07a-269e-477f-af1c-87f6fa424671</fieldentry></qti_metadatafield><qti_metadatafield><fieldlabel>qmd_displayid</fieldlabel><fieldentry>Course-Template-CO-2</fieldentry></qti_metadatafield></qtimetadata></itemmetadata><itemproc_extension><d2l_2p0:difficulty>3</d2l_2p0:difficulty><d2l_2p0:isbonus>no</d2l_2p0:isbonus><d2l_2p0:ismandatory>no</d2l_2p0:ismandatory></itemproc_extension><presentation><flow><material><mattext texttype="text/html">&lt;p&gt;I completed the Mid-Course Evaluation (using link above).&lt;/p&gt;</mattext></material><response_extension><d2l_2p0:display_style>2</d2l_2p0:display_style><d2l_2p0:enumeration>6</d2l_2p0:enumeration><d2l_2p0:grading_type>0</d2l_2p0:grading_type></response_extension><response_lid ident="QUES_173016_185674_LID" rcardinality="Single"><render_choice shuffle="no"><flow_label class="Block"><response_label ident="QUES_173016_185674_A554813"><flow_mat><material><mattext texttype="text/html">&lt;p&gt;Yes&lt;/p&gt;</mattext></material></flow_mat></response_label></flow_label><flow_label class="Block"><response_label ident="QUES_173016_185674_A554814"><flow_mat><material><mattext texttype="text/html">&lt;p&gt;No&lt;/p&gt;</mattext></material></flow_mat></response_label></flow_label></render_choice></response_lid></flow></presentation><resprocessing><respcondition title="Response Condition 1"><conditionvar><varequal respident="QUES_173016_185674_LID">QUES_173016_185674_A554813</varequal></conditionvar><setvar action="Set">100.000000000</setvar><displayfeedback feedbacktype="Response" linkrefid="QUES_173016_185674_IF554813" /></respcondition><respcondition title="Response Condition 2"><conditionvar><varequal respident="QUES_173016_185674_LID">QUES_173016_185674_A554814</varequal></conditionvar><setvar action="Set">0.000000000</setvar><displayfeedback feedbacktype="Response" linkrefid="QUES_173016_185674_IF554814" /></respcondition></resprocessing><itemfeedback ident="QUES_173016_185674_IF554813"><material><mattext texttype="text/html" /></material></itemfeedback><itemfeedback ident="QUES_173016_185674_IF554814"><material><mattext texttype="text/html" /></material></itemfeedback></item></section></assessment></questestinterop>